company,location,industry,total_laid_off,percentage_laid_off,date,stage,country,funds_raised_millions
UpGrad,Mumbai,Education,120.0,,2023-03-06,Unknown,India,631.0
Loft,Sao Paulo,Real Estate,340.0,0.15,2023-03-03,Unknown,Brazil,788.0
Embark Trucks,SF Bay Area,Transportation,230.0,0.7,2023-03-03,Post-IPO,United States,317.0
Lendi,Sydney,Real Estate,100.0,,2023-03-03,Unknown,Australia,59.0
UserTesting,SF Bay Area,Marketing,63.0,,2023-03-03,Acquired,United States,152.0
Zscaler,SF Bay Area,Security,177.0,0.03,2023-03-02,Post-IPO,United States,148.0
MasterClass,SF Bay Area,Education,79.0,,2023-03-02,Series E,United States,461.0
Fittr,Pune,Fitness,30.0,0.11,2023-03-02,Series A,India,13.0
CNET,SF Bay Area,Media,12.0,0.1,2023-03-02,Acquired,United States,20.0
iFood,Sao Paulo,Food,355.0,0.06,2023-03-01,Subsidiary,Brazil,2100.0
Color Health,SF Bay Area,Healthcare,300.0,,2023-03-01,Series E,United States,482.0
Waymo,SF Bay Area,Transportation,209.0,0.08,2023-03-01,Subsidiary,United States,5500.0
PayFit,Paris,HR,200.0,0.2,2023-03-01,Series E,France,495.0
Yellow.ai,SF Bay Area,Support,200.0,,2023-03-01,Series C,United States,102.0
Sonder,SF Bay Area,Travel,100.0,0.14,2023-03-01,Post-IPO,United States,839.0
Electronic Arts,Baton Rouge,Consumer,200.0,,2023-02-28,Post-IPO,United States,2.0
Eventbrite,SF Bay Area,Consumer,80.0,0.08,2023-02-28,Post-IPO,United States,557.0
Sono Motors,Munich,Transportation,300.0,,2023-02-27,Post-IPO,Germany,126.0
Cerebral,SF Bay Area,Healthcare,285.0,0.15,2023-02-27,Series C,United States,462.0
Amount,Chicago,Finance,130.0,0.25,2023-02-27,Unknown,United States,283.0
Palantir,Denver,Data,75.0,0.02,2023-02-27,Post-IPO,United States,3000.0
Outreach,Seattle,Sales,70.0,0.07,2023-02-27,Series G,United States,489.0
Stytch,SF Bay Area,Security,19.0,0.25,2023-02-27,Series B,United States,126.0
BitSight,Tel Aviv,Security,40.0,,2023-02-26,Unknown,Israel,401.0
Twitter,SF Bay Area,Consumer,200.0,0.1,2023-02-25,Post-IPO,United States,12900.0
SAP Labs,Bengaluru,Other,300.0,,2023-02-24,Subsidiary,India,1300.0
Velodyne Lidar,SF Bay Area,Transportation,220.0,,2023-02-24,Acquired,United States,575.0
Medallia,SF Bay Area,Support,59.0,,2023-02-24,Acquired,United States,325.0
Eat Just,SF Bay Area,Food,40.0,,2023-02-24,Unknown,United States,465.0
Lucira Health,SF Bay Area,Healthcare,26.0,,2023-02-24,Post-IPO,United States,132.0
Stax,Orlando,Finance,24.0,,2023-02-24,Series D,United States,263.0
OneFootball,Berlin,Marketing,150.0,0.32,2023-02-23,Series D,Germany,442.0
EVgo,Los Angeles,Transportation,40.0,,2023-02-23,Post-IPO,United States,400.0
StrongDM,SF Bay Area,Infrastructure,40.0,,2023-02-23,Series B,United States,76.0
TaskUs,San Antonio,Support,186.0,,2023-02-22,Post-IPO,United States,279.0
Polygon,Bengaluru,Crypto,100.0,0.2,2023-02-21,Unknown,India,451.0
Crunchyroll,Tokyo,Media,85.0,,2023-02-21,Unknown,Japan,26.0
Ethos Life,SF Bay Area,Finance,50.0,,2023-02-21,Series D,United States,406.0
MyGate,Bengaluru,Other,200.0,0.3,2023-02-20,Series B,India,79.0
Fireblocks,New York City,Crypto,30.0,0.05,2023-02-20,Series E,United States,1000.0
Kinde,Sydney,Other,8.0,0.28,2023-02-20,Seed,Australia,10.0
HP,Tel Aviv,Hardware,100.0,,2023-02-19,Post-IPO,Israel,4200.0
Tencent,Shenzen,Consumer,300.0,,2023-02-17,Post-IPO,China,12600.0
Evernote,SF Bay Area,Consumer,129.0,,2023-02-17,Acquired,United States,290.0
Chipper Cash,SF Bay Area,Finance,100.0,0.33,2023-02-17,Series C,United States,302.0
The RealReal,SF Bay Area,Retail,230.0,0.07,2023-02-16,Post-IPO,United States,356.0
Smartsheet,Seattle,Other,85.0,0.03,2023-02-16,Post-IPO,United States,152.0
Wix,Tel Aviv,Marketing,370.0,0.06,2023-02-15,Post-IPO,Israel,58.0
ServiceTitan,Los Angeles,Sales,221.0,0.08,2023-02-15,Series G,United States,1100.0
Neon,Sao Paulo,Finance,210.0,0.09,2023-02-15,Series D,Brazil,720.0
Jellysmack,Paris,Media,208.0,,2023-02-15,Series C,France,22.0
DigitalOcean,New York City,Infrastructure,200.0,0.11,2023-02-15,Post-IPO,United States,491.0
Sprinklr,New York City,Support,100.0,0.04,2023-02-15,Post-IPO,United States,429.0
Betterment,New York City,Finance,28.0,,2023-02-15,Series F,United States,435.0
Electric,New York City,Other,141.0,0.25,2023-02-13,Series D,United States,212.0
PetLove,Sao Paulo,Retail,94.0,,2023-02-13,Series C,Brazil,225.0
iRobot,Boston,Consumer,85.0,0.07,2023-02-13,Acquired,United States,30.0
Collective Health,SF Bay Area,Healthcare,54.0,,2023-02-13,Series F,United States,719.0
Magic Eden,SF Bay Area,Crypto,22.0,,2023-02-13,Series B,United States,170.0
Moladin,Jakarta,Transportation,360.0,0.11,2023-02-12,Series B,Indonesia,138.0
TripleLift,New York City,Marketing,100.0,0.2,2023-02-10,Acquired,United States,16.0
TikTok India,Mumbai,Consumer,40.0,,2023-02-10,Acquired,India,9400.0
Deliveroo,London,Food,350.0,0.09,2023-02-09,Post-IPO,United Kingdom,1700.0
Olive AI,Columbus,Healthcare,215.0,0.35,2023-02-09,Series H,United States,856.0
Oportun,SF Bay Area,Finance,155.0,0.1,2023-02-09,Post-IPO,United States,566.0
GitLab,SF Bay Area,Product,130.0,0.07,2023-02-09,Post-IPO,United States,413.0
Nomad Health,New York City,Healthcare,119.0,0.17,2023-02-09,Unknown,United States,218.0
Veriff,Tallinn,Security,66.0,0.12,2023-02-09,Series C,Estonia,192.0
REE Automotive,Tel Aviv,Transportation,31.0,0.11,2023-02-09,Post-IPO,Israel,317.0
Gusto,SF Bay Area,HR,126.0,0.05,2023-02-08,Series E,United States,746.0
Gong,SF Bay Area,Sales,80.0,0.07,2023-02-08,Series E,United States,583.0
Beam Benefits,Columbus,Healthcare,31.0,0.08,2023-02-08,Series E,United States,168.0
Equitybee,SF Bay Area,Finance,24.0,0.25,2023-02-08,Series B,United States,85.0
SecureWorks,Atlanta,Security,212.0,0.09,2023-02-07,Post-IPO,United States,83.0
Salesloft,Atlanta,Sales,100.0,0.1,2023-02-07,Acquired,United States,245.0
Openpay,Melbourne,Finance,83.0,1.0,2023-02-07,Post-IPO,Australia,299.0
LearnUpon,Dublin,Education,27.0,0.09,2023-02-07,Private Equity,Ireland,56.0
Loggi,Sao Paulo,Logistics,300.0,0.07,2023-02-06,Series F,Brazil,507.0
Catch.com.au,Melbourne,Retail,100.0,,2023-02-06,Acquired,Australia,80.0
Drift,Boston,Marketing,59.0,,2023-02-06,Acquired,United States,107.0
Pocket Aces,Mumbai,Media,50.0,0.25,2023-02-06,Unknown,India,19.0
Clari,SF Bay Area,Sales,20.0,,2023-02-06,Series F,United States,496.0
Kyruus,Boston,Healthcare,70.0,,2023-02-05,Unknown,United States,183.0
Lightico,Tel Aviv,Finance,20.0,0.25,2023-02-05,Series B,Israel,42.0
FarEye,New Delhi,Logistics,90.0,,2023-02-03,Series E,India,150.0
Protocol Labs,SF Bay Area,Crypto,89.0,0.2,2023-02-03,Unknown,United States,10.0
Okta,SF Bay Area,Security,300.0,0.05,2023-02-02,Post-IPO,United States,1200.0
Mindstrong,SF Bay Area,Healthcare,127.0,,2023-02-02,Series C,United States,160.0
Miro,SF Bay Area,Other,119.0,0.07,2023-02-02,Series C,United States,476.0
Getir,New York City,Food,100.0,,2023-02-02,Series E,United States,1800.0
Highspot,Seattle,Sales,100.0,0.1,2023-02-02,Series F,United States,644.0
Snowplow,London,Data,40.0,,2023-02-02,Series B,United States,55.0
Articulate,New York City,Education,38.0,,2023-02-02,Series A,United States,1500.0
Splunk,SF Bay Area,Data,325.0,0.04,2023-02-01,Post-IPO,United States,2400.0
Pinterest,SF Bay Area,Consumer,150.0,,2023-02-01,Post-IPO,United States,1500.0
DraftKings,Boston,Consumer,140.0,0.04,2023-02-01,Post-IPO,United States,719.0
Cyren,Washington D.C.,Security,121.0,,2023-02-01,Post-IPO,United States,161.0
Workato,SF Bay Area,Other,90.0,0.1,2023-02-01,Series E,United States,415.0
Wheel,Austin,Healthcare,56.0,0.28,2023-02-01,Series C,United States,215.0
Chainalysis,New York City,Crypto,44.0,0.05,2023-02-01,Series F,United States,536.0
Exterro,Portland,Legal,24.0,0.03,2023-02-01,Private Equity,United States,100.0
TheSkimm,New York City,Media,17.0,0.1,2023-02-01,Series C,United States,28.0
Upstart,SF Bay Area,Finance,365.0,0.2,2023-01-31,Post-IPO,United States,144.0
Software AG,Frankfurt,Data,200.0,0.04,2023-01-31,Post-IPO,Germany,344.0
Wish,SF Bay Area,Retail,150.0,0.17,2023-01-31,Post-IPO,United States,1600.0
Wefox,Berlin,Finance,100.0,,2023-01-31,Series D,Germany,1300.0
Tilting Point,New York City,Consumer,60.0,0.14,2023-01-31,Unknown,United States,235.0
Gokada,Lagos,Transportation,54.0,,2023-01-31,Unknown,Nigeria,12.0
AU10TIX,Tel Aviv,Security,19.0,0.09,2023-01-31,Unknown,Israel,80.0
Intel,SF Bay Area,Hardware,343.0,,2023-01-30,Post-IPO,United States,12.0
Glovo,Barcelona,Food,250.0,0.06,2023-01-30,Acquired,Spain,1200.0
Delivery Hero,Berlin,Food,156.0,0.04,2023-01-30,Post-IPO,Germany,9900.0
Impossible Foods copy,SF Bay Area,Food,140.0,0.2,2023-01-30,Series H,United States,1900.0
Chrono24,Karlsruhe,Retail,65.0,0.13,2023-01-30,Series C,Germany,205.0
CoinTracker,SF Bay Area,Crypto,19.0,,2023-01-28,Series A,United States,101.0
DealShare,Bengaluru,Retail,100.0,0.06,2023-01-27,Series E,India,390.0
Matrixport,Singapore,Crypto,29.0,0.1,2023-01-27,Series C,Singapore,100.0
Shakepay,Montreal,Crypto,21.0,0.25,2023-01-27,Series A,Canada,45.0
#Paid,Toronto,Marketing,19.0,0.17,2023-01-27,Series B,Canada,21.0
Confluent,SF Bay Area,Data,221.0,0.08,2023-01-26,Post-IPO,United States,455.0
Shutterfly,SF Bay Area,Retail,360.0,,2023-01-25,Acquired,United States,50.0
Luno,London,Crypto,330.0,0.35,2023-01-25,Acquired,United Kingdom,13.0
Guardant Health,SF Bay Area,Healthcare,130.0,0.07,2023-01-25,Post-IPO,United States,550.0
SirionLabs,Seattle,Legal,130.0,0.15,2023-01-25,Series D,United States,171.0
Tier Mobility,Berlin,Transportation,80.0,0.07,2023-01-25,Series D,Germany,646.0
Innovaccer,SF Bay Area,Healthcare,245.0,0.15,2023-01-24,Series E,United States,379.0
Bolt,SF Bay Area,Finance,50.0,0.1,2023-01-24,Series E,United States,1300.0
PartnerStack,Toronto,Sales,40.0,0.2,2023-01-24,Series B,Canada,36.0
Gitpod,Kiel,Product,21.0,0.28,2023-01-24,Series A,Germany,41.0
OFFOR Health,Columbus,Healthcare,16.0,,2023-01-24,Series A,United States,14.0
Uber Freight,SF Bay Area,Logistics,150.0,0.03,2023-01-23,Subsidiary,United States,2700.0
Inmobi,Bengaluru,Marketing,50.0,,2023-01-23,Unknown,India,320.0
Innovid,New York City,Marketing,40.0,0.1,2023-01-23,Post-IPO,United States,295.0
Booktopia,Sydney,Retail,30.0,,2023-01-23,Series A,Australia,23.0
Ermetic,SF Bay Area,Security,30.0,0.17,2023-01-23,Series B,United States,97.0
Namogoo,Tel Aviv,Marketing,20.0,0.15,2023-01-23,Series C,United States,69.0
MediBuddy,Bengaluru,Healthcare,200.0,,2023-01-20,Acquired,India,192.0
Vox Media,Washington D.C.,Media,130.0,0.07,2023-01-20,Series F,United States,307.0
Karat,Seattle,HR,47.0,,2023-01-20,Unknown,United States,169.0
Enjoei,Sao Paulo,Retail,31.0,0.1,2023-01-20,Unknown,Brazil,14.0
Edifecs,Seattle,Healthcare,30.0,,2023-01-20,Unknown,United States,1.0
Citrine Informatics,SF Bay Area,Data,22.0,0.27,2023-01-20,Series C,United States,64.0
Proterra,SF Bay Area,Transportation,300.0,,2023-01-19,Post-IPO,United States,1200.0
WeWork,New York City,Real Estate,300.0,,2023-01-19,Post-IPO,United States,22200.0
Hubilo,SF Bay Area,Other,115.0,0.35,2023-01-19,Series B,United States,153.0
Saks.com,New York City,Retail,100.0,0.05,2023-01-19,Unknown,United States,965.0
CS Disco,Austin,Legal,62.0,0.09,2023-01-19,Post-IPO,United States,233.0
Riot Games,Los Angeles,Consumer,46.0,,2023-01-19,Acquired,United States,21.0
Hydrow,Boston,Fitness,30.0,,2023-01-19,Series D,United States,269.0
Teladoc Health,New York City,Healthcare,300.0,0.06,2023-01-18,Post-IPO,United States,172.0
Vroom,New York City,Transportation,275.0,0.2,2023-01-18,Post-IPO,United States,1300.0
8x8,SF Bay Area,Support,155.0,0.07,2023-01-18,Post-IPO,United States,253.0
Pagaya,New York City,Finance,140.0,0.2,2023-01-18,Post-IPO,United States,571.0
Benevity,Calgary,Other,137.0,0.14,2023-01-18,Unknown,Canada,69.0
Inspirato,Denver,Travel,109.0,0.12,2023-01-18,Post-IPO,United States,179.0
Jumpcloud,Boulder,Security,100.0,0.12,2023-01-18,Series F,United States,416.0
nCino,Wilmington,Finance,100.0,0.07,2023-01-18,Post-IPO,United States,1100.0
Starry,Boston,Other,100.0,0.24,2023-01-18,Post-IPO,United States,260.0
Hootsuite,Vancouver,Marketing,70.0,0.07,2023-01-18,Series C,Canada,300.0
Clue,Berlin,Healthcare,31.0,0.31,2023-01-18,Unknown,Germany,47.0
Addepar,SF Bay Area,Finance,20.0,0.03,2023-01-18,Series F,United States,491.0
Lightspeed Commerce,Montreal,Retail,300.0,0.1,2023-01-17,Post-IPO,Canada,1200.0
Unity,SF Bay Area,Other,284.0,0.03,2023-01-17,Post-IPO,United States,1300.0
Britishvolt,London,Transportation,206.0,1.0,2023-01-17,Unknown,United Kingdom,2400.0
Clutch,Toronto,Transportation,150.0,,2023-01-17,Unknown,Canada,253.0
Exotel,Bengaluru,Support,142.0,0.15,2023-01-17,Series D,India,87.0
Unico,Sao Paulo,Other,110.0,0.1,2023-01-17,Series D,Brazil,336.0
Tul,Bogota,Construction,100.0,,2023-01-17,Series B,Colombia,218.0
American Robotics,Boston,Other,50.0,0.65,2023-01-17,Acquired,United States,92.0
Luxury Presence,Los Angeles,Real Estate,44.0,,2023-01-17,Series B,United States,31.0
RingCentral,SF Bay Area,Other,30.0,,2023-01-17,Post-IPO,United States,44.0
Gramophone,Indore,Food,75.0,,2023-01-16,Series B,India,17.0
ClearCo,Toronto,Finance,50.0,0.3,2023-01-16,Series C,Canada,698.0
Captain Fresh,Bengaluru,Food,120.0,,2023-01-15,Series C,India,126.0
Snappy,New York City,Marketing,100.0,0.3,2023-01-15,Series C,United States,104.0
BharatAgri,Mumbai,Food,40.0,0.43,2023-01-15,Series A,India,21.0
Ola,Bengaluru,Transportation,200.0,,2023-01-13,Series J,India,5000.0
Vial,SF Bay Area,Healthcare,40.0,,2023-01-13,Series B,United States,101.0
Lending Club,SF Bay Area,Finance,225.0,0.14,2023-01-12,Post-IPO,United States,392.0
SmartNews,Tokyo,Media,120.0,0.4,2023-01-12,Series F,United States,410.0
Skit.ai,Bengaluru,Support,115.0,,2023-01-12,Series B,India,28.0
Pier,Sao Paulo,Finance,111.0,0.39,2023-01-12,Series B,Brazil,42.0
Blockchain.com,London,Crypto,110.0,0.28,2023-01-12,Series D,United Kingdom,490.0
Greenlight,Atlanta,Finance,104.0,0.21,2023-01-12,Series D,United States,556.0
Cashfree Payments,Bengaluru,Finance,100.0,,2023-01-12,Series B,India,41.0
Mapbox,Washington D.C.,Data,64.0,,2023-01-12,Unknown,United States,334.0
Career Karma,SF Bay Area,Education,22.0,,2023-01-12,Series B,United States,51.0
Qualtrics,Salt Lake City,Other,270.0,0.05,2023-01-11,Post-IPO,United States,400.0
Tipalti,SF Bay Area,Finance,123.0,0.11,2023-01-11,Series F,United States,565.0
Jumio,SF Bay Area,Security,100.0,0.06,2023-01-11,Private Equity,United States,205.0
CoinDCX,Mumbai,Crypto,80.0,,2023-01-11,Series D,India,244.0
HashiCorp,SF Bay Area,Security,69.0,,2023-01-11,Post-IPO,United States,349.0
Embark,Boston,Healthcare,41.0,,2023-01-11,Series B,United States,94.0
Citizen,New York City,Consumer,33.0,,2023-01-11,Series C,United States,133.0
Blend,SF Bay Area,Finance,340.0,0.28,2023-01-10,Post-IPO,United States,665.0
Till Payments,Sydney,Finance,120.0,,2023-01-10,Series C,Australia,95.0
ConsenSys,New York City,Crypto,100.0,0.11,2023-01-10,Series D,United States,726.0
ForeScout,SF Bay Area,Security,100.0,0.1,2023-01-10,Post-IPO,United States,125.0
Thinkific,Vancouver,Education,76.0,0.19,2023-01-10,Post-IPO,Canada,22.0
LEAD,Mumbai,Education,60.0,,2023-01-10,Series E,India,190.0
Parler,Nashville,Consumer,60.0,0.75,2023-01-10,Series B,United States,36.0
GoBolt,Toronto,Logistics,55.0,0.05,2023-01-10,Series C,Canada,178.0
StreamElements,Tel Aviv,Media,40.0,0.2,2023-01-10,Series B,Israel,111.0
Fate Therapeutics,San Diego,Healthcare,315.0,0.57,2023-01-09,Post-IPO,United States,1200.0
Minute Media,London,Media,50.0,0.1,2023-01-08,Series I,United Kingdom,160.0
WalkMe,SF Bay Area,Other,43.0,0.03,2023-01-08,Post-IPO,United States,307.0
Huobi,Beijing,Crypto,275.0,0.2,2023-01-06,Unknown,China,2.0
Carbon Health,SF Bay Area,Healthcare,200.0,,2023-01-06,Series D,United States,522.0
Bounce,Bengaluru,Transportation,40.0,0.05,2023-01-06,Series D,India,214.0
SoundHound,SF Bay Area,Other,200.0,0.5,2023-01-05,Post-IPO,United States,326.0
Socure,Reno,Finance,104.0,0.19,2023-01-05,Series E,United States,646.0
Moglix,Singapore,Retail,40.0,0.02,2023-01-05,Series F,Singapore,472.0
Twitter,SF Bay Area,Consumer,40.0,,2023-01-05,Post-IPO,United States,12900.0
Everlane,SF Bay Area,Retail,30.0,0.17,2023-01-05,Unknown,United States,176.0
Pecan AI,Tel Aviv,Data,30.0,0.25,2023-01-05,Series C,Israel,116.0
Personetics,New York City,Support,30.0,0.08,2023-01-05,Private Equity,United States,178.0
Twine Solutions,Tel Aviv,Hardware,30.0,0.33,2023-01-05,Unknown,Israel,50.0
UpScalio,Gurugram,Retail,25.0,0.15,2023-01-05,Series B,India,62.0
Astronomer,Cincinnati,Data,76.0,0.2,2023-01-04,Series C,United States,282.0
Kaltura,New York City,Media,75.0,0.11,2023-01-04,Post-IPO,United States,166.0
Augury,New York City,Manufacturing,20.0,0.05,2023-01-04,Series E,United States,274.0
Uniphore,SF Bay Area,Support,76.0,0.1,2023-01-03,Series E,United States,620.0
Back Market,Paris,Retail,93.0,0.13,2022-12-23,Series E,France,1000.0
Zoopla,London,Real Estate,50.0,,2022-12-23,Series C,United Kingdom,25.0
TuSimple,San Diego,Transportation,350.0,0.25,2022-12-21,Post-IPO,United States,648.0
Chope,Singapore,Food,65.0,0.24,2022-12-20,Series E,Singapore,50.0
Briza,Toronto,Finance,26.0,0.4,2022-12-20,Series A,Canada,10.0
Homebot,Denver,Real Estate,18.0,0.13,2022-12-19,Acquired,United States,4.0
Tomorrow,Hamburg,Finance,30.0,0.25,2022-12-16,Unknown,Germany,29.0
Revelate,Montreal,Data,24.0,0.3,2022-12-16,Series A,Canada,26.0
BigCommerce,Austin,Retail,180.0,0.13,2022-12-15,Post-IPO,United States,224.0
Freshworks,SF Bay Area,Support,90.0,0.02,2022-12-15,Post-IPO,United States,484.0
LeafLink,New York City,Other,80.0,0.31,2022-12-15,Series C,United States,379.0
Workmotion,Berlin,HR,60.0,0.2,2022-12-15,Series B,United States,76.0
JD.ID,Jakarta,Retail,200.0,0.3,2022-12-14,Post-IPO,Indonesia,5100.0
GoStudent,Vienna,Education,100.0,,2022-12-14,Series D,Austria,686.0
Quanergy Systems,SF Bay Area,Transportation,72.0,,2022-12-14,Post-IPO,United States,175.0
Headspace,Los Angeles,Healthcare,50.0,0.04,2022-12-14,Unknown,United States,215.0
ChowNow,Los Angeles,Food,40.0,0.1,2022-12-14,Series C,United States,64.0
Thumbtack,SF Bay Area,Consumer,160.0,0.14,2022-12-13,Series I,United States,698.0
Edgio,Phoenix,Infrastructure,95.0,0.1,2022-12-13,Post-IPO,United States,462.0
Komodo Health,SF Bay Area,Healthcare,78.0,0.09,2022-12-13,Series E,United States,514.0
Freshly,Phoenix,Food,329.0,,2022-12-12,Acquired,United States,107.0
Balto,St. Louis,Sales,35.0,,2022-12-12,Series B,United States,51.0
Outschool,SF Bay Area,Education,43.0,0.25,2022-12-10,Series D,United States,240.0
Xentral,Munich,Product,20.0,0.1,2022-12-10,Series B,Germany,94.0
Alice,Sao Paulo,Healthcare,113.0,0.16,2022-12-09,Series C,Brazil,174.0
Primer,London,Finance,85.0,0.33,2022-12-09,Series B,United Kingdom,73.0
OneFootball,Berlin,Marketing,62.0,0.115,2022-12-09,Series D,Germany,442.0
C2FO,Kansas City,Finance,20.0,0.02,2022-12-09,Series H,United States,537.0
Airtable,SF Bay Area,Product,254.0,0.2,2022-12-08,Series F,United States,1400.0
Swiggy,Bengaluru,Food,250.0,0.03,2022-12-08,Unknown,India,3600.0
Glints,Singapore,HR,198.0,0.18,2022-12-08,Series D,Singapore,82.0
Buser,Sao Paulo,Transportation,160.0,0.3,2022-12-08,Series C,Brazil,138.0
BlackLine,Los Angeles,Finance,95.0,0.05,2022-12-08,Private Equity,United States,220.0
Chrono24,Karlsruhe,Retail,80.0,,2022-12-08,Series C,Germany,205.0
Otonomo,Tel Aviv,Transportation,80.0,0.5,2022-12-08,Post-IPO,Israel,231.0
TechTarget,Boston,Marketing,60.0,0.05,2022-12-08,Post-IPO,United States,115.0
Inscripta,Boulder,Healthcare,43.0,,2022-12-08,Series E,United States,459.0
CyCognito,SF Bay Area,Security,30.0,0.15,2022-12-08,Series C,United States,153.0
Armis,SF Bay Area,Security,25.0,0.04,2022-12-08,Private Equity,United States,537.0
Loft,Sao Paulo,Real Estate,312.0,0.12,2022-12-07,Unknown,Brazil,788.0
Plaid,SF Bay Area,Finance,260.0,0.2,2022-12-07,Series D,United States,734.0
Motive,SF Bay Area,Transportation,237.0,0.06,2022-12-07,Series F,United States,567.0
Recur Forever,Miami,Crypto,235.0,,2022-12-07,Series A,United States,55.0
Relativity,Chicago,Legal,150.0,0.1,2022-12-07,Private Equity,United States,125.0
Voi,Stockholm,Transportation,130.0,0.13,2022-12-07,Series D,United States,515.0
Integral Ad Science,New York City,Marketing,120.0,0.13,2022-12-07,Acquired,United States,116.0
Houzz,SF Bay Area,Consumer,95.0,0.08,2022-12-07,Series E,United States,613.0
Grover,Berlin,Retail,40.0,0.1,2022-12-07,Unknown,United States,2300.0
Lev,New York City,Real Estate,30.0,0.3,2022-12-07,Series B,United States,114.0
Lithic,New York City,Finance,27.0,0.18,2022-12-07,Series C,United States,115.0
Intel,SF Bay Area,Hardware,201.0,,2022-12-06,Post-IPO,United States,12.0
BuzzFeed,New York City,Media,180.0,0.12,2022-12-06,Post-IPO,United States,696.0
Adobe,SF Bay Area,Marketing,100.0,,2022-12-06,Post-IPO,United States,2.0
Chipper Cash,SF Bay Area,Finance,50.0,0.125,2022-12-06,Series C,United States,302.0
Stash,New York City,Finance,32.0,0.08,2022-12-06,Unknown,United States,480.0
Perimeter 81,Tel Aviv,Security,20.0,0.08,2022-12-06,Series C,Israel,165.0
Bridgit,Waterloo,Construction,13.0,0.13,2022-12-06,Series B,Canada,36.0
Aqua Security,Boston,Security,65.0,0.1,2022-12-05,Series E,United States,265.0
DataRails,Tel Aviv,Finance,30.0,0.18,2022-12-05,Series B,Israel,103.0
HealthifyMe,Bengaluru,Fitness,150.0,,2022-12-03,Series C,India,100.0
ShareChat,Bengaluru,Consumer,100.0,,2022-12-02,Unknown,India,1700.0
Polly,Burlington,Finance,47.0,0.15,2022-12-02,Series C,United States,184.0
Carousell,Singapore,Retail,110.0,0.1,2022-12-01,Private Equity,Singapore,372.0
Bizzabo,New York City,Marketing,100.0,0.37,2022-12-01,Series E,United States,194.0
Netlify,SF Bay Area,Product,48.0,0.16,2022-12-01,Series D,United States,212.0
Springbig,Miami,Sales,37.0,0.23,2022-12-01,Post-IPO,United States,32.0
Happy Money,Los Angeles,Finance,158.0,0.34,2022-11-30,Series D,United States,191.0
Ula,Jakarta,Retail,134.0,0.23,2022-11-30,Series B,Indonesia,140.0
Wonder,New York City,Food,130.0,0.07,2022-11-30,Series B,United States,850.0
StudySmarter,Berlin,Education,70.0,,2022-11-30,Series A,Germany,64.0
Grin,Sacramento,Marketing,60.0,0.13,2022-11-30,Series B,United States,145.0
Ualá,Buenos Aires,Finance,53.0,0.03,2022-11-30,Series D,Argentina,544.0
Teachmint,Bengaluru,Education,45.0,0.05,2022-11-30,Series B,India,118.0
Thread,London,Retail,30.0,0.5,2022-11-30,Acquired,United Kingdom,40.0
Bitso,Mexico City,Crypto,100.0,,2022-11-29,Series C,Mexico,378.0
Lyst,London,Retail,50.0,0.25,2022-11-29,Unknown,United Kingdom,144.0
CoinJar,Melbourne,Crypto,10.0,0.2,2022-11-29,Unknown,Australia,1.0
Wildlife Studios,Sao Paulo,Consumer,300.0,0.2,2022-11-28,Unknown,Brazil,260.0
ApplyBoard,Waterloo,Education,90.0,0.06,2022-11-28,Series D,Canada,483.0
Ajaib,Jakarta,Finance,67.0,0.08,2022-11-28,Unknown,Indonesia,245.0
Candy Digital,New York City,Crypto,33.0,0.33,2022-11-28,Series A,United States,100.0
ResearchGate,Berlin,Other,25.0,0.1,2022-11-28,Series D,Germany,87.0
VerSe Innovation,Bengaluru,Media,150.0,0.05,2022-11-25,Series J,India,1700.0
Carwow,London,Transportation,70.0,0.2,2022-11-25,Unknown,United Kingdom,157.0
Vendease,Lagos,Food,27.0,0.09,2022-11-25,Series A,Nigeria,43.0
Lemon,Buenos Aires,Crypto,100.0,0.38,2022-11-24,Series A,Argentina,17.0
Quidax,Lagos,Crypto,20.0,0.2,2022-11-24,Unknown,Nigeria,3.0
Western Digital,SF Bay Area,Hardware,251.0,,2022-11-22,Post-IPO,United States,900.0
SIRCLO,Jakarta,Retail,160.0,0.08,2022-11-22,Series B,Indonesia,92.0
Trax,Singapore,Retail,80.0,0.08,2022-11-22,Series E,Singapore,1000.0
Kitopi,Dubai,Food,93.0,0.1,2022-11-21,Series C,United States,804.0
Zomato,Gurugram,Food,100.0,0.04,2022-11-19,Series J,India,914.0
Nuro,SF Bay Area,Transportation,300.0,0.2,2022-11-18,Series D,United States,2100.0
Synthego,SF Bay Area,Healthcare,105.0,0.2,2022-11-18,Series E,United States,459.0
Splyt,London,Transportation,57.0,,2022-11-18,Series B,United Kingdom,34.0
Roku,SF Bay Area,Media,200.0,0.07,2022-11-17,Post-IPO,United States,208.0
Orchard,New York City,Real Estate,180.0,,2022-11-17,Series D,United States,472.0
Juni,Gothenburg,Finance,72.0,0.33,2022-11-17,Unknown,Sweden,281.0
Chili Piper,New York City,Sales,58.0,,2022-11-17,Series B,United States,54.0
Capitolis,New York City,Finance,37.0,0.25,2022-11-17,Series D,United States,281.0
TealBook,Toronto,Other,34.0,0.19,2022-11-17,Series B,Canada,73.0
Koho,Toronto,Finance,15.0,0.04,2022-11-17,Series D,Canada,278.0
&Open,Dublin,Marketing,9.0,0.09,2022-11-17,Series A,Ireland,35.0
Twiga,Nairobi,Food,211.0,0.21,2022-11-16,Series C,Kenya,157.0
Wayflyer,Dublin,Marketing,200.0,0.4,2022-11-16,Unknown,Ireland,889.0
SimilarWeb,New York City,Other,120.0,0.1,2022-11-16,Post-IPO,United States,235.0
Salsify,Boston,Retail,90.0,0.11,2022-11-16,Series F,United States,452.0
Lokalise,Dover,Other,76.0,0.23,2022-11-16,Series B,United States,56.0
Yotpo,New York City,Marketing,70.0,0.09,2022-11-16,Unknown,United States,436.0
Pear Therapeutics,Boston,Healthcare,59.0,0.22,2022-11-16,Post-IPO,United States,409.0
UiPath,New York City,Data,241.0,0.06,2022-11-15,Post-IPO,United States,2000.0
Asana,SF Bay Area,Other,180.0,0.09,2022-11-15,Post-IPO,United States,453.0
OwnBackup,New York City,Security,170.0,0.17,2022-11-15,Series E,United States,507.0
Deliveroo Australia,Melbourne,Food,120.0,1.0,2022-11-15,Post-IPO,Australia,1700.0
Properly,Toronto,Real Estate,71.0,,2022-11-15,Series B,Canada,154.0
Jimdo,Hamburg,Other,50.0,0.16,2022-11-15,Unknown,Germany,28.0
The Zebra,Austin,Finance,50.0,,2022-11-15,Series D,United States,256.0
CaptivateIQ,SF Bay Area,Sales,31.0,0.1,2022-11-15,Series C,United States,164.0
iFit,Logan,Fitness,300.0,0.2,2022-11-14,Private Equity,United States,200.0
Ribbon,New York City,Real Estate,170.0,0.85,2022-11-14,Series C,United States,405.0
Pipedrive,Tallinn,Sales,143.0,0.15,2022-11-14,Private Equity,Estonia,90.0
Intercom,SF Bay Area,Support,124.0,0.13,2022-11-14,Series D,United States,240.0
Science 37,Los Angeles,Healthcare,90.0,,2022-11-14,Post-IPO,United States,347.0
Pear Therapeutics,Boston,Healthcare,59.0,0.22,2022-11-14,Post-IPO,United States,409.0
Cardlytics,Atlanta,Marketing,51.0,,2022-11-14,Post-IPO,United States,212.0
Cloudinary,SF Bay Area,Media,40.0,0.08,2022-11-14,Unknown,United States,100.0
Nestcoin,Lagos,Crypto,30.0,,2022-11-14,Seed,Nigeria,6.0
Gokada,Lagos,Transportation,20.0,,2022-11-14,Unknown,Nigeria,12.0
Veev,SF Bay Area,Real Estate,100.0,0.3,2022-11-11,Series D,United States,597.0
Forto,Berlin,Logistics,60.0,0.08,2022-11-11,Series D,United States,593.0
Blend,SF Bay Area,Finance,100.0,0.06,2022-11-10,Post-IPO,United States,665.0
InfluxData,SF Bay Area,Data,65.0,0.27,2022-11-10,Series D,United States,119.0
Coinbase,SF Bay Area,Crypto,60.0,,2022-11-10,Post-IPO,United States,549.0
SoundHound,SF Bay Area,Other,45.0,0.1,2022-11-10,Post-IPO,United States,326.0
Wistia,Boston,Marketing,40.0,,2022-11-10,Unknown,United States,18.0
Ocavu,Lehi,Crypto,20.0,0.48,2022-11-10,Series A,United States,11.0
Flyhomes,Seattle,Real Estate,300.0,0.4,2022-11-09,Series C,United States,310.0
AvantStay,Los Angeles,Travel,144.0,0.22,2022-11-09,Private Equity,United States,686.0
Root Insurance,Columbus,Finance,137.0,0.2,2022-11-09,Post-IPO,United States,527.0
Liftoff,SF Bay Area,Marketing,130.0,0.15,2022-11-09,Acquired,United States,6.0
Cameo,Chicago,Consumer,80.0,,2022-11-09,Unknown,United States,165.0
Plum,Bengaluru,Healthcare,36.0,0.1,2022-11-09,Series A,India,20.0
Kabam,SF Bay Area,Consumer,35.0,0.07,2022-11-09,Acquired,United States,244.0
HighRadius,Bengaluru,Finance,25.0,,2022-11-09,Series C,India,475.0
Namogoo,Tel Aviv,Marketing,25.0,0.15,2022-11-09,Series C,United States,69.0
EverBridge,Boston,Other,200.0,,2022-11-08,Post-IPO,United States,476.0
Repertoire Immune Medicines,Boston,Healthcare,65.0,0.5,2022-11-08,Series B,United States,257.0
Unacademy,Bengaluru,Education,350.0,0.1,2022-11-07,Series H,India,838.0
Zendesk,SF Bay Area,Support,350.0,0.05,2022-11-07,Acquired,United States,85.0
Dock,Sao Paulo,Finance,190.0,0.12,2022-11-07,Private Equity,Brazil,280.0
Varonis,New York City,Security,110.0,0.05,2022-11-06,Post-IPO,United States,30.0
Brainly,Krakow,Education,25.0,,2022-11-06,Series D,Poland,148.0
Udaan,Bengaluru,Retail,350.0,,2022-11-04,Unknown,India,1500.0
Planetly,Berlin,Other,200.0,1.0,2022-11-04,Acquired,Germany,5.0
KoinWorks,Jakarta,Finance,70.0,0.08,2022-11-04,Unknown,Indonesia,180.0
Exodus,Nebraska City,Crypto,59.0,0.22,2022-11-04,Unknown,United States,60.0
Pleo,Copenhagen,Finance,150.0,0.15,2022-11-03,Series C,United States,428.0
Delivery Hero,Berlin,Food,100.0,,2022-11-03,Post-IPO,Germany,8300.0
Shippo,SF Bay Area,Logistics,60.0,0.2,2022-11-03,Series E,United States,154.0
Chime,SF Bay Area,Finance,156.0,0.12,2022-11-02,Series G,United States,2300.0
Chargebee,SF Bay Area,Finance,142.0,0.1,2022-11-02,Series H,United States,468.0
Dapper Labs,Vancouver,Crypto,134.0,0.22,2022-11-02,Series D,United States,607.0
Checkmarx,Tel Aviv,Security,100.0,0.1,2022-11-02,Series C,Israel,92.0
Smava,Berlin,Finance,100.0,0.15,2022-11-02,Unknown,Germany,188.0
Iron Ox,SF Bay Area,Food,50.0,0.5,2022-11-02,Series C,United States,103.0
Argo AI,SF Bay Area,Transportation,259.0,,2022-11-01,Unknown,United States,3600.0
Upstart,SF Bay Area,Finance,140.0,0.07,2022-11-01,Post-IPO,United States,144.0
Gem,SF Bay Area,Recruiting,100.0,0.33,2022-11-01,Series C,United States,148.0
Oda,Oslo,Food,70.0,0.18,2022-11-01,Unknown,Sweden,377.0
Oda,Oslo,Food,70.0,0.18,2022-11-01,Unknown,Norway,477.0
Oda,Oslo,Food,70.0,0.06,2022-11-01,Unknown,Norway,479.0
Hootsuite,Vancouver,Marketing,50.0,0.05,2022-11-01,Series C,Canada,300.0
Drop,Toronto,Marketing,24.0,,2022-11-01,Series B,Canada,56.0
Kry,Stockholm,Healthcare,300.0,0.1,2022-10-31,Series D,Sweden,568.0
Notarize,Boston,Legal,60.0,,2022-10-31,Series D,United States,213.0
EquityZen,New York City,Finance,30.0,0.27,2022-10-31,Series B,United States,11.0
Equitybee,SF Bay Area,Finance,25.0,0.2,2022-10-31,Series B,United States,85.0
Dukaan,Bengaluru,Retail,23.0,,2022-10-31,Series A,India,17.0
Amazon,Seattle,Retail,150.0,,2022-10-28,Post-IPO,United States,108.0
Fifth Season,Pittsburgh,Food,100.0,1.0,2022-10-28,Series B,United States,35.0
RenoRun,Montreal,Construction,210.0,0.43,2022-10-27,Series B,Canada,163.0
Recharge,Los Angeles,Finance,84.0,0.17,2022-10-27,Series B,United States,277.0
Lattice,SF Bay Area,HR,13.0,,2022-10-27,Series F,United States,328.0
Zillow,Seattle,Real Estate,300.0,0.05,2022-10-26,Post-IPO,United States,97.0
Cybereason,Boston,Security,200.0,0.17,2022-10-26,Series F,United States,750.0
Argo AI,Pittsburgh,Transportation,173.0,,2022-10-26,Unknown,United States,3600.0
Fundbox,SF Bay Area,Finance,150.0,0.42,2022-10-25,Series D,United States,553.0
Embroker,SF Bay Area,Finance,30.0,0.12,2022-10-25,Series C,United States,142.0
Vee,Tel Aviv,HR,17.0,0.5,2022-10-25,Seed,Israel,15.0
Snyk,Boston,Security,198.0,0.14,2022-10-24,Series F,United States,849.0
McMakler,Berlin,Real Estate,100.0,,2022-10-24,Unknown,Germany,214.0
Unico,Sao Paulo,Other,50.0,0.04,2022-10-24,Series D,Brazil,336.0
OrCam,Jerusalem,Healthcare,62.0,0.16,2022-10-23,Unknown,Israel,86.0
Antidote Health,Tel Aviv,Healthcare,23.0,0.38,2022-10-23,Unknown,Israel,36.0
Khoros,Austin,Sales,120.0,0.1,2022-10-21,Private Equity,United States,138.0
Elinvar,Berlin,Finance,43.0,0.33,2022-10-21,Unknown,Germany,30.0
Synapsica,New Delhi,Healthcare,30.0,0.3,2022-10-21,Series A,India,4.0
Hotmart,Belo Horizonte,Marketing,227.0,0.12,2022-10-20,Series C,Brazil,127.0
Zeus Living,SF Bay Area,Real Estate,64.0,0.46,2022-10-20,Series C,United States,151.0
Loom,SF Bay Area,Product,23.0,0.11,2022-10-20,Series C,United States,203.0
Sales Boomerang,Baltimore,Sales,20.0,,2022-10-20,Private Equity,United States,5.0
Gopuff,Philadelphia,Food,250.0,,2022-10-19,Series H,United States,3400.0
AtoB,SF Bay Area,Finance,32.0,0.3,2022-10-19,Series B,United States,177.0
InfoSum,London,Security,20.0,0.12,2022-10-19,Series B,United Kingdom,88.0
Faire,SF Bay Area,Retail,84.0,0.07,2022-10-18,Series G,United States,1700.0
Leafly,Seattle,Retail,56.0,0.21,2022-10-18,Post-IPO,United States,71.0
Ada Health,Berlin,Healthcare,50.0,,2022-10-17,Series B,Germany,189.0
Flipboard,SF Bay Area,Media,24.0,0.21,2022-10-16,Unknown,United States,235.0
Beyond Meat,Los Angeles,Food,200.0,0.19,2022-10-14,Post-IPO,United States,122.0
Salesforce,SF Bay Area,Sales,90.0,,2022-10-13,Post-IPO,United States,65.0
Playdots,New York City,Consumer,65.0,1.0,2022-10-13,Acquired,United States,10.0
6sense,SF Bay Area,Sales,150.0,0.1,2022-10-12,Series E,United States,426.0
Sinch,Stockholm,Other,150.0,,2022-10-12,Post-IPO,Sweden,1500.0
FrontRow,Bengaluru,Education,130.0,0.75,2022-10-12,Series A,India,17.0
MX,Lehi,Finance,200.0,,2022-10-11,Series C,United States,450.0
Brex,SF Bay Area,Finance,136.0,0.11,2022-10-11,Series D,United States,1500.0
Pacaso,SF Bay Area,Real Estate,100.0,0.3,2022-10-11,Series C,United States,217.0
Sketch,The Hague,Other,80.0,,2022-10-11,Series A,Netherlands,20.0
Udacity,SF Bay Area,Education,55.0,0.13,2022-10-11,Unknown,United States,235.0
Linkfire,Copenhagen,Marketing,35.0,0.35,2022-10-11,Seed,Denmark,2.0
Momentive,SF Bay Area,Marketing,180.0,0.11,2022-10-10,Post-IPO,United States,1100.0
Pavilion Data,SF Bay Area,Infrastructure,96.0,0.96,2022-10-10,Series D,United States,103.0
Redesign Health,New York City,Healthcare,67.0,0.2,2022-10-10,Series C,United States,315.0
BioMarin,SF Bay Area,Healthcare,120.0,0.04,2022-10-07,Post-IPO,United States,585.0
Rev.com,Austin,Data,85.0,,2022-10-07,Series D,United States,30.0
Landing,Birmingham,Real Estate,110.0,,2022-10-06,Series C,United States,347.0
Impossible Foods,SF Bay Area,Food,50.0,0.06,2022-10-06,Series H,United States,1900.0
Built In,Chicago,Recruiting,50.0,0.25,2022-10-05,Series C,United States,29.0
8x8,SF Bay Area,Support,200.0,0.09,2022-10-04,Post-IPO,United States,253.0
Homie,Salt Lake City,Real Estate,40.0,0.13,2022-10-04,Series B,United States,35.0
Spin,SF Bay Area,Transportation,78.0,0.1,2022-09-30,Acquired,United States,8.0
Westwing,Munich,Retail,125.0,,2022-09-29,Post-IPO,Germany,237.0
Mux,SF Bay Area,Infrastructure,40.0,0.2,2022-09-29,Series D,United States,173.0
Divvy Homes,SF Bay Area,Real Estate,40.0,0.12,2022-09-27,Series B,United States,180.0
Konfio,Mexico City,Finance,180.0,,2022-09-23,Series E,United States,706.0
Moss,Berlin,Fin-Tech,70.0,0.15,2022-09-23,Series B,Germany,150.0
Foxtrot,Chicago,Food,26.0,0.035,2022-09-23,Series C,United States,166.0
Truiloo,Vancouver,Security,24.0,0.05,2022-09-23,Series D,Canada,474.0
NYDIG,New York City,Crypto,110.0,0.33,2022-09-22,Private Equity,United States,1400.0
Klarna,Stockholm,Finance,100.0,,2022-09-22,Unknown,Sweden,3700.0
Kitty Hawk,SF Bay Area,Aerospace,100.0,1.0,2022-09-21,Unknown,United States,1.0
Compass,New York City,Real Estate,271.0,,2022-09-20,Post-IPO,United States,1600.0
Curative,Los Angeles,Healthcare,109.0,,2022-09-20,Seed,United States,8.0
Ada,Toronto,Support,78.0,0.16,2022-09-20,Series C,Canada,190.0
99,Sao Paulo,Transportation,75.0,0.02,2022-09-20,Acquired,Brazil,244.0
Ola,Bengaluru,Transportation,200.0,,2022-09-19,Series J,India,5000.0
Vesalius Therapeutics,Boston,Healthcare,29.0,0.43,2022-09-19,Series B,United States,75.0
Clear,Bengaluru,Finance,190.0,0.2,2022-09-16,Series C,India,140.0
TrueLayer,London,Finance,40.0,0.1,2022-09-16,Series E,United States,271.0
LivePerson,New York City,Support,193.0,0.11,2022-09-15,Post-IPO,United States,42.0
Acast,Stockholm,Media,70.0,0.15,2022-09-15,Post-IPO,Sweden,126.0
WorkRamp,SF Bay Area,HR,35.0,0.2,2022-09-15,Series C,United States,67.0
Pitch,Berlin,Marketing,59.0,0.3,2022-09-14,Series B,Germany,137.0
Infarm,Berlin,Other,50.0,0.05,2022-09-14,Series D,Germany,604.0
Netflix,SF Bay Area,Media,30.0,,2022-09-14,Post-IPO,United States,121900.0
Rubius,Boston,Healthcare,160.0,0.75,2022-09-13,Post-IPO,United States,445.0
Checkout.com,London,Finance,100.0,0.05,2022-09-13,Series D,United Kingdom,1800.0
Taboola,New York City,Marketing,100.0,0.06,2022-09-13,Post-IPO,United States,445.0
Patreon,SF Bay Area,Media,80.0,0.17,2022-09-13,Series F,United States,413.0
Quicko,Sao Paulo,Transportation,60.0,,2022-09-12,Acquired,Brazil,28.0
Mode Analytics,SF Bay Area,Data,25.0,,2022-09-12,Series D,United States,81.0
Compete,Tel Aviv,HR,11.0,0.28,2022-09-12,Series A,Israel,17.0
SkipTheDishes,Winnipeg,Food,350.0,,2022-09-09,Acquired,Canada,6.0
Brighte,Sydney,Energy,58.0,,2022-09-09,Series C,Australia,145.0
Patreon,SF Bay Area,Media,5.0,,2022-09-09,Series F,United States,413.0
GoStudent,Vienna,Education,200.0,,2022-09-08,Series D,Austria,686.0
Pomelo Fashion,Bangkok,Retail,55.0,0.08,2022-09-08,Unknown,Thailand,120.0
Genome Medical,SF Bay Area,Healthcare,23.0,,2022-09-08,Series C,United States,120.0
Simple Feast,Copenhagen,Food,150.0,1.0,2022-09-07,Unknown,Denmark,173.0
Foodpanda,Singapore,Food,60.0,,2022-09-07,Acquired,Singapore,749.0
Uber,Vilnius,Transportation,60.0,,2022-09-07,Post-IPO,Lithuania,24700.0
Rupeek,Bengaluru,Finance,50.0,,2022-09-07,Unknown,India,172.0
Intercom,SF Bay Area,Support,49.0,0.05,2022-09-07,Series D,United States,240.0
Pendo,Raleigh,Product,45.0,0.05,2022-09-07,Series F,United States,469.0
Demandbase,SF Bay Area,Sales,27.0,0.03,2022-09-07,Series H,United States,143.0
Brave Care,Portland,Healthcare,40.0,0.33,2022-09-06,Series B,United States,42.0
Lawgeex,Tel Aviv,Legal,30.0,0.33,2022-09-06,Series C,Israel,41.0
Kuda,Lagos,Finance,23.0,0.05,2022-09-02,Series B,Nigeria,91.0
2TM,Sao Paulo,Crypto,100.0,0.15,2022-09-01,Unknown,Brazil,250.0
Innovaccer,SF Bay Area,Healthcare,90.0,0.08,2022-09-01,Series E,United States,379.0
Shopify,Ottawa,Retail,70.0,,2022-09-01,Post-IPO,Canada,122.0
Urban Sports Club,Berlin,Fitness,55.0,0.15,2022-09-01,Unknown,Germany,95.0
Hedvig,Stockholm,Finance,12.0,,2022-09-01,Series B,Sweden,67.0
GoodRx,Los Angeles,Healthcare,140.0,0.16,2022-08-31,Post-IPO,United States,910.0
Smava,Berlin,Finance,100.0,0.1,2022-08-31,Unknown,Germany,188.0
Hippo Insurance,SF Bay Area,Finance,70.0,0.1,2022-08-31,Post-IPO,United States,1300.0
Clari,SF Bay Area,Sales,45.0,,2022-08-31,Series F,United States,496.0
Koo,Bengaluru,Consumer,40.0,,2022-08-31,Series B,India,44.0
TCR2,Boston,Healthcare,30.0,0.2,2022-08-31,Post-IPO,United States,173.0
Apartment List,SF Bay Area,Real Estate,29.0,0.1,2022-08-31,Series D,United States,169.0
Electric,New York City,Other,81.0,,2022-08-30,Series D,United States,212.0
Immersive Labs,Bristol,Security,38.0,0.1,2022-08-30,Series C,United Kingdom,123.0
Nate,New York City,Retail,30.0,,2022-08-30,Series A,United States,47.0
Meesho,Bengaluru,Retail,300.0,,2022-08-29,Series F,India,1100.0
54gene,Washington D.C.,Healthcare,95.0,0.3,2022-08-29,Series B,United States,44.0
Zymergen,SF Bay Area,Other,80.0,,2022-08-26,Acquired,United States,974.0
Okta,SF Bay Area,Security,24.0,,2022-08-26,Post-IPO,United States,1200.0
Argyle,New York City,Finance,20.0,0.07,2022-08-26,Series B,United States,78.0
FreshDirect,Philadelphia,Food,40.0,,2022-08-25,Acquired,United States,280.0
Reali,SF Bay Area,Real Estate,140.0,1.0,2022-08-24,Series B,United States,117.0
Loop,Washington D.C.,Finance,15.0,0.2,2022-08-24,Series A,United States,24.0
Tier Mobility,Berlin,Transportation,180.0,0.16,2022-08-23,Series D,Germany,646.0
Packable,New York City,Retail,138.0,0.2,2022-08-23,Unknown,United States,472.0
Q4,Toronto,Other,50.0,0.08,2022-08-23,Series C,Canada,91.0
Skedulo,SF Bay Area,HR,31.0,0.08,2022-08-23,Series C,United States,114.0
Plato,SF Bay Area,HR,29.0,0.5,2022-08-23,Seed,United States,3.0
NSO,Tel Aviv,Security,100.0,0.14,2022-08-21,Seed,Israel,1.0
Tufin,Boston,Security,55.0,0.1,2022-08-21,Acquired,United States,21.0
Amperity,Seattle,Marketing,13.0,0.03,2022-08-20,Series D,United States,187.0
Stripe,SF Bay Area,Finance,50.0,,2022-08-19,Series H,United States,2300.0
New Relic,SF Bay Area,Infrastructure,110.0,0.05,2022-08-18,Post-IPO,United States,214.0
Wheel,Austin,Healthcare,35.0,0.17,2022-08-18,Series C,United States,215.0
Malwarebytes,SF Bay Area,Security,125.0,0.14,2022-08-17,Series B,United States,80.0
Tempo Automation,SF Bay Area,Other,54.0,,2022-08-17,Series C,United States,74.0
Warren,Porto Alegre,Finance,50.0,,2022-08-17,Series C,Brazil,104.0
AlayaCare,Montreal,Healthcare,80.0,0.14,2022-08-16,Series D,Canada,293.0
Pliops,Tel Aviv,Data,12.0,0.09,2022-08-16,Series D,Israel,205.0
Woven,Indianapolis,HR,5.0,0.15,2022-08-16,Series A,United States,11.0
Sema4,Stamford,Healthcare,250.0,0.13,2022-08-15,Post-IPO,United States,791.0
Blend,SF Bay Area,Finance,220.0,0.12,2022-08-15,Post-IPO,United States,665.0
ContraFect,New York City,Healthcare,16.0,0.37,2022-08-15,Post-IPO,United States,380.0
Anywell,Tel Aviv,Real Estate,11.0,,2022-08-14,Series A,Israel,15.0
Truepill,SF Bay Area,Healthcare,175.0,0.33,2022-08-11,Series D,United States,255.0
Calm,SF Bay Area,Healthcare,90.0,0.2,2022-08-11,Series C,United States,218.0
FourKites,Chicago,Logistics,60.0,0.08,2022-08-11,Series D,United States,201.0
Marketforce,Nairobi,Retail,54.0,0.09,2022-08-11,Series A,Kenya,42.0
Betterfly,Santiago,Healthcare,30.0,,2022-08-11,Series C,Chile,204.0
Expert360,Sydney,Recruiting,7.0,,2022-08-11,Series C,Australia,26.0
Trybe,Sao Paulo,Education,47.0,0.1,2022-08-10,Series B,Brazil,40.0
Permutive,London,Marketing,30.0,0.12,2022-08-10,Series C,United Kingdom,105.0
Nutanix,SF Bay Area,Infrastructure,270.0,0.04,2022-08-09,Post-IPO,United States,1100.0
Quanterix,Boston,Healthcare,130.0,0.25,2022-08-09,Post-IPO,United States,533.0
Wix,Tel Aviv,Marketing,100.0,,2022-08-09,Post-IPO,Israel,58.0
MadeiraMadeira,Curitiba,Retail,60.0,0.03,2022-08-09,Series E,Brazil,338.0
Melio,New York City,Finance,60.0,,2022-08-09,Series D,United States,504.0
Linktree,Melbourne,Consumer,50.0,0.17,2022-08-09,Unknown,Australia,165.0
Shogun,SF Bay Area,Retail,48.0,0.3,2022-08-09,Series C,United States,114.0
Absci,Vancouver,Healthcare,40.0,,2022-08-09,Post-IPO,United States,237.0
Dooly,Vancouver,Sales,12.0,,2022-08-09,Series B,Canada,102.0
Vroom,New York City,Transportation,337.0,,2022-08-08,Post-IPO,United States,1300.0
Warby Parker,New York City,Consumer,63.0,,2022-08-08,Post-IPO,United States,535.0
Labelbox,SF Bay Area,Data,36.0,,2022-08-08,Series D,United States,188.0
Perion,Tel Aviv,Marketing,20.0,0.05,2022-08-08,Post-IPO,Israel,76.0
iRobot,Boston,Consumer,140.0,0.1,2022-08-05,Acquired,United States,30.0
Mejuri,Toronto,Retail,50.0,0.1,2022-08-05,Series B,Canada,28.0
Uberflip,Toronto,Marketing,31.0,0.17,2022-08-05,Series A,Canada,42.0
Doma,SF Bay Area,Finance,250.0,0.13,2022-08-04,Post-IPO,United States,679.0
Jam City,Los Angeles,Consumer,200.0,0.17,2022-08-04,Unknown,United States,652.0
10X Genomics,SF Bay Area,Healthcare,100.0,0.08,2022-08-04,Post-IPO,United States,242.0
LEAD,Mumbai,Education,80.0,0.04,2022-08-04,Series E,India,166.0
Zendesk,SF Bay Area,Support,80.0,,2022-08-04,Acquired,United States,85.0
On Deck,SF Bay Area,Education,73.0,0.33,2022-08-04,Series A,United States,20.0
RenoRun,Montreal,Construction,70.0,0.12,2022-08-04,Series B,Canada,163.0
RingCentral,SF Bay Area,Other,50.0,,2022-08-04,Post-IPO,United States,44.0
Healthcare.com,Miami,Healthcare,149.0,,2022-08-03,Series C,United States,244.0
Unbounce,Vancouver,Marketing,47.0,0.2,2022-08-03,Series A,Canada,39.0
Beyond Meat,Los Angeles,Food,40.0,,2022-08-03,Post-IPO,United States,122.0
The Org,New Delhi,HR,13.0,,2022-08-03,Series B,United States,39.0
Latch,New York City,Security,115.0,0.37,2022-08-02,Post-IPO,United States,342.0
Vedantu,Bengaluru,Education,100.0,,2022-08-02,Series E,India,292.0
Seegrid,Pittsburgh,Logistics,90.0,,2022-08-02,Unknown,United States,107.0
Nylas,SF Bay Area,Product,80.0,0.25,2022-08-02,Series C,United States,175.0
Outreach,Seattle,Sales,60.0,0.05,2022-08-02,Series G,United States,489.0
Sendy,Nairobi,Logistics,54.0,0.2,2022-08-02,Series B,Kenya,26.0
The Predictive Index,Boston,HR,40.0,,2022-08-02,Acquired,United States,71.0
Sendy,Nairobi,Logistics,30.0,0.1,2022-08-02,Series B,Kenya,26.0
Stedi,Boulder,Product,23.0,0.3,2022-08-02,Series B,United States,75.0
Glossier,New York City,Retail,19.0,0.08,2022-08-02,Series E,United States,266.0
Hash,Sao Paulo,Finance,58.0,0.5,2022-08-01,Series C,Brazil,58.0
Metigy,Sydney,Marketing,75.0,1.0,2022-07-31,Series B,Australia,18.0
Vee,Tel Aviv,HR,16.0,0.32,2022-07-31,Seed,Israel,15.0
Clearco,Toronto,Fin-Tech,125.0,0.25,2022-07-29,Series C,Canada,681.0
Imperfect Foods,SF Bay Area,Food,50.0,,2022-07-29,Series D,United States,229.0
Shelf Engine,Seattle,Food,43.0,,2022-07-29,Series B,United States,58.0
Quantcast,SF Bay Area,Marketing,40.0,0.06,2022-07-29,Series C,United States,65.0
Sherpa,Toronto,Travel,22.0,,2022-07-29,Unknown,Canada,11.0
Ribbon,New York City,Real Estate,136.0,,2022-07-28,Series C,United States,405.0
Career Karma,SF Bay Area,Education,60.0,0.33,2022-07-28,Series B,United States,51.0
Metromile,SF Bay Area,Finance,60.0,0.2,2022-07-28,Acquired,United States,510.0
Laybuy,Auckland,Finance,45.0,,2022-07-28,Post-IPO,New Zealand,130.0
Allbirds,SF Bay Area,Retail,23.0,,2022-07-28,Post-IPO,United States,202.0
TextNow,Waterloo,Consumer,22.0,,2022-07-28,Seed,Canada,1.0
Vox Media,Washington D.C.,Media,39.0,0.02,2022-07-27,Series F,United States,307.0
Coinsquare,Toronto,Crypto,30.0,0.24,2022-07-27,Unknown,Canada,98.0
Skai,Tel Aviv,Marketing,30.0,0.04,2022-07-27,Series E,Israel,60.0
McMakler,Berlin,Real Estate,90.0,,2022-07-26,Unknown,Germany,214.0
Fiverr,Tel Aviv,Other,60.0,0.08,2022-07-26,Post-IPO,Israel,111.0
InDebted,Sydney,Finance,40.0,0.17,2022-07-26,Series B,Australia,41.0
Outbrain,New York City,Marketing,38.0,0.03,2022-07-26,Post-IPO,United States,394.0
Dover,SF Bay Area,Recruiting,23.0,0.3,2022-07-26,Series A,United States,22.0
Immutable,Sydney,Crypto,20.0,0.06,2022-07-26,Series C,Australia,279.0
Zymergen,SF Bay Area,Other,80.0,,2022-07-25,Acquired,United States,974.0
Pear Therapeutics,Boston,Healthcare,25.0,0.09,2022-07-25,Post-IPO,United States,409.0
Soluto,Tel Aviv,Support,120.0,1.0,2022-07-24,Acquired,Israel,18.0
Eucalyptus,Sydney,Healthcare,50.0,0.2,2022-07-22,Series C,United States,69.0
Workstream,SF Bay Area,HR,45.0,,2022-07-22,Series B,United States,58.0
Quanto,Sao Paulo,Finance,28.0,0.22,2022-07-22,Series A,Brazil,15.0
Clarify Health,SF Bay Area,Healthcare,15.0,0.05,2022-07-22,Series D,United States,328.0
Blockchain.com,London,Crypto,150.0,0.25,2022-07-21,Series D,United Kingdom,490.0
WHOOP,Boston,Fitness,95.0,0.15,2022-07-21,Series F,United States,404.0
Rad Power Bikes,Seattle,Transportation,63.0,0.1,2022-07-21,Series D,United States,329.0
Lunchbox,New York City,Food,60.0,0.33,2022-07-21,Series B,United States,72.0
RealSelf,Seattle,Healthcare,11.0,0.05,2022-07-21,Series B,United States,42.0
Flyhomes,Seattle,Real Estate,200.0,0.2,2022-07-20,Series C,United States,310.0
Varo,SF Bay Area,Finance,75.0,,2022-07-20,Series E,United States,992.0
BlueStacks,SF Bay Area,Other,60.0,,2022-07-20,Series C,United States,48.0
Lyft,SF Bay Area,Transportation,60.0,0.02,2022-07-20,Post-IPO,United States,4900.0
Introhive,Ferdericton,Sales,57.0,0.16,2022-07-20,Series C,Canada,125.0
Zencity,Tel Aviv,Other,30.0,0.2,2022-07-20,Unknown,Israel,51.0
Splice,New York City,Media,23.0,,2022-07-20,Series D,United States,159.0
Forma.ai,Toronto,Sales,15.0,0.09,2022-07-20,Series B,Canada,58.0
Arc,SF Bay Area,HR,13.0,,2022-07-20,Seed,United States,1.0
M1,Chicago,Finance,38.0,,2022-07-19,Series E,United States,323.0
SellerX,Berlin,Retail,28.0,,2022-07-19,Unknown,Germany,766.0
PACT Pharma,SF Bay Area,Healthcare,94.0,,2022-07-18,Series C,United States,200.0
Gemini,New York City,CryptoCurrency,68.0,0.07,2022-07-18,Unknown,United States,423.0
Lusha,New York City,Marketing,30.0,0.1,2022-07-18,Series B,United States,245.0
Bright Money,Bengaluru,Finance,100.0,0.5,2022-07-15,Series A,India,31.0
Project44,Chicago,Logistics,63.0,0.05,2022-07-15,Unknown,United States,817.0
Heroes,London,Retail,24.0,0.2,2022-07-15,Unknown,United States,265.0
Aspire,SF Bay Area,Marketing,23.0,,2022-07-15,Series A,United States,27.0
Zego,London,Finance,85.0,0.17,2022-07-14,Series C,United Kingdom,202.0
The Mom Project,Chicago,HR,54.0,0.15,2022-07-14,Series C,United States,115.0
Unstoppable Domains,SF Bay Area,Crypto Currency,42.0,0.25,2022-07-14,Series B,United States,7.0
Kiavi,SF Bay Area,Real Estate,39.0,0.07,2022-07-14,Series E,United States,240.0
Wave,Dakar,Finance,300.0,0.15,2022-07-13,Series A,Senegal,292.0
Tonal,SF Bay Area,Fitness,262.0,0.35,2022-07-13,Series E,United States,450.0
Fabric,New York City,Logistics,120.0,0.4,2022-07-13,Series C,United States,336.0
Bryter,Berlin,Product,100.0,0.3,2022-07-13,Series B,Germany,89.0
ChowNow,Los Angeles,Food,100.0,0.2,2022-07-13,Series C,United States,64.0
Involves,Florianópolis,Retail,70.0,0.18,2022-07-13,Unknown,Brazil,23.0
100 Thieves,Los Angeles,Consumer,12.0,,2022-07-13,Series C,United States,120.0
Nuro,SF Bay Area,Transportation,7.0,,2022-07-13,Series D,United States,2100.0
Fraazo,Mumbai,Food,150.0,,2022-07-12,Series B,India,63.0
Babylon,London,Healthcare,100.0,,2022-07-12,Post-IPO,United Kingdom,1100.0
Hubilo,SF Bay Area,Other,45.0,0.12,2022-07-12,Series B,United States,153.0
Hopin,London,Other,242.0,0.29,2022-07-11,Series D,United Kingdom,1000.0
Alice,Sao Paulo,Healthcare,63.0,,2022-07-11,Series C,Brazil,174.0
SundaySky,New York City,Marketing,24.0,0.13,2022-07-11,Series D,United States,74.0
Calibrate,New York City,Healthcare,156.0,0.24,2022-07-08,Series B,United States,127.0
Argo AI,Pittsburgh,Transportation,150.0,0.05,2022-07-07,Unknown,United States,3600.0
Next Insurance,SF Bay Area,Finance,150.0,0.17,2022-07-07,Series E,United States,881.0
Adwerx,Durham,Marketing,40.0,,2022-07-07,Unknown,United States,20.0
Emotive,Los Angeles,Marketing,30.0,0.18,2022-07-07,Series B,United States,78.0
Remote,SF Bay Area,HR,100.0,0.09,2022-07-06,Series C,United States,496.0
Shopify,Ottawa,Retail,50.0,,2022-07-06,Post-IPO,Canada,122.0
Anodot,Tel Aviv,Data,35.0,0.27,2022-07-06,Series C,United States,64.0
SQream,New York City,Data,30.0,0.18,2022-07-06,Series B,United States,77.0
Bizzabo,New York City,Marketing,120.0,0.3,2022-07-05,Series E,United States,194.0
eToro,Tel Aviv,Finance,100.0,0.06,2022-07-05,Unknown,Israel,322.0
Verbit,New York City,Data,80.0,0.1,2022-07-05,Series E,United States,569.0
Outschool,SF Bay Area,Education,31.0,0.18,2022-07-05,Series D,United States,240.0
Bullish,Hong Kong,Crypto,30.0,0.08,2022-07-05,Unknown,Hong Kong,300.0
Transmit Security,Boston,Security,27.0,0.07,2022-07-05,Series A,United States,583.0
Thimble,New York City,Fin-Tech,20.0,0.33,2022-07-05,Series A,United States,28.0
Syte,Tel Aviv,Retail,13.0,0.08,2022-07-05,Series C,Israel,71.0
Lightricks,Jerusalem,Consumer,80.0,0.12,2022-07-04,Series D,Israel,335.0
Chessable,London,Consumer,29.0,,2022-07-04,Acquired,United Kingdom,0.0
Sendle,Sydney,Logistics,27.0,0.12,2022-07-04,Series C,Australia,69.0
Lendis,Berlin,Other,18.0,0.15,2022-07-04,Series A,Germany,90.0
Celsius,New York City,Crypto,150.0,0.25,2022-07-03,Series B,United States,864.0
WanderJaunt,SF Bay Area,Travel,85.0,1.0,2022-07-01,Series B,United States,26.0
Canoo,Los Angeles,Transportation,58.0,0.06,2022-07-01,Post-IPO,United States,300.0
Teleport,SF Bay Area,Infrastructure,15.0,0.06,2022-07-01,Series C,United States,169.0
Crejo.Fun,Bengaluru,Education,170.0,1.0,2022-06-30,Seed,India,3.0
Stash Financial,New York City,Finance,40.0,0.08,2022-06-30,Unknown,United States,480.0
Nate,New York City,Retail,30.0,0.2,2022-06-30,Series A,United States,47.0
Snyk,Boston,Security,30.0,,2022-06-30,Series F,United States,849.0
Stream,Boulder,Product,20.0,0.12,2022-06-30,Series B,United States,58.0
Finleap Connect,Hamburg,Finance,14.0,0.1,2022-06-30,Series A,Germany,22.0
Abra,SF Bay Area,Crypto,12.0,0.05,2022-06-30,Series C,United States,106.0
Toppr,Mumbai,Education,350.0,,2022-06-29,Acquired,India,112.0
Unity,SF Bay Area,Other,200.0,0.04,2022-06-29,Post-IPO,United States,1300.0
Niantic,SF Bay Area,Consumer,85.0,0.08,2022-06-29,Series D,United States,770.0
AvantStay,Los Angeles,Travel,80.0,,2022-06-29,Unknown,United States,811.0
Qumulo,Seattle,Data,80.0,0.19,2022-06-29,Series E,United States,347.0
Clutch,Toronto,Transportation,76.0,0.22,2022-06-29,Series B,Canada,153.0
Parallel Wireless,Nashua,Infrastructure,60.0,,2022-06-29,Unknown,United States,8.0
Oye Rickshaw,New Delhi,Transportation,40.0,0.2,2022-06-29,Unknown,India,13.0
Rows,Berlin,Other,18.0,0.3,2022-06-29,Series B,Germany,25.0
Baton,SF Bay Area,Transportation,16.0,0.25,2022-06-29,Series A,United States,13.0
Substack,SF Bay Area,Media,13.0,0.14,2022-06-29,Series B,United States,82.0
Huobi,Beijing,Crypto,300.0,0.3,2022-06-28,Unknown,China,2.0
WhiteHat Jr,Mumbai,Education,300.0,,2022-06-28,Acquired,India,11.0
StockX,Detroit,Retail,120.0,0.08,2022-06-28,Series E,United States,690.0
Sidecar Health,Los Angeles,Healthcare,110.0,0.4,2022-06-28,Series C,United States,163.0
StockX,Detroit,Retail,80.0,,2022-06-28,Series E,United States,690.0
Vezeeta,Dubai,Healthcare,50.0,0.1,2022-06-28,Series D,United Arab Emirates,71.0
Bright Machines,SF Bay Area,Data,30.0,0.08,2022-06-28,Unknown,Israel,250.0
HealthMatch,Sydney,Healthcare,18.0,0.5,2022-06-28,Series B,Australia,20.0
AppLovin,SF Bay Area,Marketing,300.0,0.12,2022-06-27,Post-IPO,United States,1600.0
UiPath,New York City,Data,210.0,0.05,2022-06-27,Post-IPO,United States,2000.0
Udaan,Bengaluru,Retail,180.0,0.04,2022-06-27,Unknown,India,1500.0
Cue,San Diego,Healthcare,170.0,,2022-06-27,Post-IPO,United States,999.0
Banxa,Melbourne,Crypto,70.0,0.3,2022-06-27,Post-IPO,Australia,13.0
SafeGraph,SF Bay Area,Data,27.0,0.25,2022-06-27,Series B,United States,61.0
Postscript,SF Bay Area,Marketing,43.0,,2022-06-26,Series C,United States,106.0
Bitpanda,Vienna,Crypto,270.0,0.27,2022-06-24,Series C,Austria,546.0
Sunday,Atlanta,Finance,90.0,0.23,2022-06-24,Series A,United States,124.0
Bestow,Dallas,Finance,41.0,0.14,2022-06-24,Series C,United States,137.0
Ethos Life,SF Bay Area,Finance,40.0,0.12,2022-06-24,Series D,United States,406.0
Netflix,SF Bay Area,Media,300.0,0.03,2022-06-23,Post-IPO,United States,121900.0
Aura,Boston,Security,70.0,0.09,2022-06-23,Series F,United States,500.0
Pipl,Spokane,Security,22.0,0.13,2022-06-23,Unknown,United States,19.0
Vouch,SF Bay Area,Finance,15.0,0.07,2022-06-23,Series C,United States,159.0
Voyage SMS,Los Angeles,Marketing,8.0,0.13,2022-06-23,Unknown,United States,10.0
MasterClass,SF Bay Area,Education,120.0,0.2,2022-06-22,Series E,United States,461.0
IronNet,Washington D.C.,Security,90.0,0.35,2022-06-22,Post-IPO,United States,410.0
Bungalow,SF Bay Area,Real Estate,70.0,,2022-06-22,Series C,United States,171.0
IronNet,Washington D.C.,Security,55.0,0.17,2022-06-22,Post-IPO,United States,410.0
Sprinklr,New York City,Support,50.0,,2022-06-22,Post-IPO,United States,429.0
Superpedestrian,Boston,Transportation,35.0,0.07,2022-06-22,Series C,United States,261.0
Voi,Stockholm,Transportation,35.0,0.1,2022-06-22,Series D,United States,515.0
Balto,St. Louis,Sales,30.0,,2022-06-22,Series B,United States,51.0
Ritual,Toronto,Food,23.0,0.16,2022-06-22,Series C,Canada,134.0
Ebanx,Curitiba,Finance,340.0,0.2,2022-06-21,Series B,Brazil,460.0
TaskUs,Los Angeles,Support,52.0,0.0,2022-06-21,Post-IPO,United States,279.0
Community,Los Angeles,Marketing,40.0,0.3,2022-06-21,Unknown,United States,40.0
Sourcegraph,SF Bay Area,Product,24.0,0.08,2022-06-21,Series D,United States,248.0
SummerBio,SF Bay Area,Healthcare,101.0,1.0,2022-06-20,Unknown,United States,7.0
Trax,Singapore,Retail,100.0,0.12,2022-06-20,Series E,Singapore,1000.0
Aqgromalin,Chennai,Food,80.0,0.3,2022-06-20,Unknown,India,12.0
Bonsai,Toronto,Retail,30.0,0.55,2022-06-20,Series A,Canada,27.0
Brighte,Sydney,Energy,30.0,0.15,2022-06-20,Series C,Australia,145.0
CityMall,Gurugram,Retail,191.0,0.3,2022-06-19,Series C,India,112.0
BitOasis,Dubai,Crypto,9.0,0.05,2022-06-19,Series B,United Arab Emirates,30.0
Unacademy,Bengaluru,Education,150.0,0.03,2022-06-18,Series H,India,838.0
Bytedance,Shanghai,Consumer,150.0,,2022-06-17,Unknown,China,9400.0
Socure,Reno,Finance,69.0,0.13,2022-06-17,Series E,United States,646.0
Finite State,Columbus,Security,16.0,0.2,2022-06-17,Series B,United States,49.0
JOKR,New York City,Food,50.0,0.05,2022-06-16,Series B,United States,430.0
Zumper,SF Bay Area,Real Estate,45.0,0.15,2022-06-16,Series D,United States,178.0
PharmEasy,Mumbai,Healthcare,40.0,,2022-06-16,Unknown,India,1600.0
Swappie,Helsinki,Retail,250.0,0.17,2022-06-15,Series C,Finland,169.0
Wealthsimple,Toronto,Finance,159.0,0.13,2022-06-15,Unknown,Canada,900.0
Weee!,SF Bay Area,Food,150.0,0.1,2022-06-15,Series E,United States,863.0
Notarize,Boston,Legal,110.0,0.25,2022-06-15,Series D,United States,213.0
Elementor,Tel Aviv,Media,60.0,0.15,2022-06-15,Unknown,Israel,65.0
Tonkean,SF Bay Area,Other,23.0,0.23,2022-06-15,Series B,United States,83.0
Airtame,Copenhagen,Consumer,15.0,,2022-06-15,Unknown,Denmark,7.0
OpenWeb,Tel Aviv,Media,14.0,0.05,2022-06-15,Series E,Israel,223.0
Swyft,Toronto,Logistics,10.0,0.3,2022-06-15,Series A,Canada,20.0
Sami,Sao Paulo,Healthcare,75.0,0.15,2022-06-14,Unknown,Brazil,36.0
Breathe,New Delhi,Healthcare,50.0,0.33,2022-06-14,Series A,India,6.0
Hunty,Bogota,HR,30.0,,2022-06-14,Seed,Colombia,6.0
TIFIN,Boulder,Crypto,24.0,0.1,2022-06-14,Series D,United States,204.0
BlockFi,New York City,Crypto,250.0,0.2,2022-06-13,Series E,United States,1000.0
Wave Sports and Entertainment,Los Angeles,Media,56.0,0.33,2022-06-13,Series B,United States,65.0
Studio,SF Bay Area,Education,33.0,0.4,2022-06-13,Series B,United States,50.0
Crypto.com,Singapore,Crypto,260.0,0.05,2022-06-10,Unknown,Singapore,156.0
FarEye,New Delhi,Logistics,250.0,0.3,2022-06-10,Series E,India,150.0
Berlin Brands Group,Berlin,Retail,100.0,0.1,2022-06-10,Unknown,Germany,1000.0
Sanar,Sao Paulo,Healthcare,60.0,0.2,2022-06-10,Unknown,Brazil,11.0
Freetrade,London,Finance,45.0,0.15,2022-06-10,Unknown,United Kingdom,133.0
Albert,Los Angeles,Finance,20.0,0.08,2022-06-10,Series C,United States,175.0
Stitch Fix,SF Bay Area,Retail,330.0,0.15,2022-06-09,Post-IPO,United States,79.0
Convoy,Seattle,Logistics,90.0,0.07,2022-06-09,Series E,United States,1100.0
Hologram,Chicago,Infrastructure,80.0,0.4,2022-06-09,Series B,United States,82.0
Boozt,Malmo,Retail,70.0,0.05,2022-06-09,Post-IPO,Sweden,56.0
The Grommet,Boston,Retail,40.0,1.0,2022-06-09,Acquired,United States,5.0
Stashaway,Singapore,Finance,31.0,0.14,2022-06-09,Series D,Singapore,61.0
Preply,Boston,Education,26.0,0.05,2022-06-09,Series C,United States,100.0
Sonder,SF Bay Area,Travel,250.0,0.21,2022-06-08,Post-IPO,United States,839.0
Kavak,Sao Paulo,Transportation,150.0,,2022-06-08,Series E,Brazil,1600.0
Truepill,SF Bay Area,Healthcare,150.0,0.15,2022-06-08,Series D,United States,255.0
iPrice Group,Kuala Lumpur,Retail,50.0,0.2,2022-06-08,Unknown,Malaysia,26.0
Rupeek,Bengaluru,Finance,180.0,0.15,2022-06-07,Unknown,India,172.0
Lummo,Jakarta,Marketing,150.0,,2022-06-07,Series C,Indonesia,149.0
Bird,Los Angeles,Transportation,138.0,0.23,2022-06-07,Post-IPO,United States,783.0
ID.me,Washington D.C.,Security,130.0,,2022-06-07,Unknown,United States,275.0
KiwiCo,SF Bay Area,Retail,40.0,,2022-06-07,Unknown,United States,11.0
Clearco,Toronto,Fin-Tech,60.0,,2022-06-06,Series C,Canada,681.0
Dutchie,Bend,Other,50.0,0.07,2022-06-06,Series D,United States,603.0
Eruditus,Mumbai,Education,40.0,,2022-06-04,Series E,India,1200.0
Superhuman,SF Bay Area,Consumer,23.0,0.22,2022-06-03,Series C,United States,108.0
Food52,New York City,Food,21.0,0.15,2022-06-03,Acquired,United States,176.0
Carbon Health,SF Bay Area,Healthcare,250.0,0.08,2022-06-02,Series D,United States,522.0
Favo,Sao Paulo,Food,170.0,,2022-06-02,Series A,Brazil,31.0
PolicyGenius,New York City,Finance,170.0,0.25,2022-06-02,Series E,United States,286.0
Yojak,Gurugram,Construction,140.0,0.5,2022-06-02,Seed,India,3.0
Gemini,New York City,CryptoCurrency,100.0,0.1,2022-06-02,Unknown,United States,423.0
Stord,Atlanta,Logistics,59.0,0.08,2022-06-02,Series D,United States,325.0
Gather,SF Bay Area,Consumer,30.0,0.33,2022-06-02,Series B,United States,76.0
Shef,SF Bay Area,Food,29.0,,2022-06-02,Series A,United States,28.0
IRL,SF Bay Area,Consumer,25.0,0.25,2022-06-02,Series C,United States,197.0
Cybereason,Boston,Security,100.0,0.06,2022-06-01,Series F,United States,750.0
Udayy,Gurugram,Education,100.0,1.0,2022-06-01,Seed,India,2.0
2TM,Sao Paulo,Crypto,90.0,0.12,2022-06-01,Unknown,Brazil,250.0
Curve,London,Finance,65.0,0.1,2022-06-01,Series C,United Kingdom,182.0
Loom,SF Bay Area,Product,34.0,0.14,2022-06-01,Series C,United States,203.0
Skillshare,New York City,Education,31.0,,2022-06-01,Unknown,United States,136.0
Impala,London,Travel,30.0,0.35,2022-06-01,Series B,United Kingdom,32.0
Eaze,SF Bay Area,Consumer,25.0,,2022-06-01,Series D,United States,202.0
Replicated,Los Angeles,Infrastructure,50.0,,2022-05-31,Series C,United States,85.0
Tomo,Stamford,Finance,44.0,0.33,2022-05-31,Series A,United States,110.0
Getta,Tel Aviv,Transportation,30.0,,2022-05-31,Series A,Israel,49.0
BookClub,Salt Lake City,Education,12.0,0.25,2022-05-31,Series A,United States,26.0
Mobile Premier League,Bengaluru,Consumer,100.0,0.1,2022-05-30,Series E,India,375.0
SumUp,Sao Paulo,Finance,100.0,0.03,2022-05-30,Unknown,Brazil,50.0
FrontRow,Bengaluru,Education,145.0,0.3,2022-05-27,Series A,India,17.0
Daloopa,New Delhi,Data,40.0,,2022-05-27,Series A,India,23.0
Uncapped,London,Finance,29.0,0.26,2022-05-27,Unknown,United Kingdom,118.0
VTEX,Sao Paulo,Retail,200.0,0.13,2022-05-26,Post-IPO,Brazil,365.0
Bitso,Mexico City,Crypto,80.0,0.11,2022-05-26,Series C,Mexico,378.0
Foodpanda,Bucharest,Food,80.0,,2022-05-26,Acquired,Romania,749.0
Lacework,SF Bay Area,Security,300.0,0.2,2022-05-25,Series D,United States,1900.0
Bolt,SF Bay Area,Finance,240.0,0.27,2022-05-25,Series E,United States,1300.0
PeerStreet,Los Angeles,Finance,75.0,,2022-05-25,Series C,United States,121.0
Kontist,Berlin,Finance,50.0,0.25,2022-05-25,Series B,Germany,53.0
Nuri,Berlin,Finance,45.0,0.2,2022-05-25,Series B,Germany,42.0
Coterie Insurance,Cincinnati,Finance,30.0,0.2,2022-05-25,Series B,United States,70.0
Gorillas,Berlin,Food,300.0,0.5,2022-05-24,Series C,Germany,1300.0
Zenius,Jakarta,Education,200.0,,2022-05-24,Series B,Indonesia,20.0
The Zebra,Austin,Finance,40.0,,2022-05-24,Series D,United States,256.0
PayPal,SF Bay Area,Finance,83.0,,2022-05-23,Post-IPO,United States,216.0
Buenbit,Buenos Aires,Crypto,80.0,0.45,2022-05-23,Series A,Argentina,11.0
BeyondMinds,Tel Aviv,Data,65.0,1.0,2022-05-23,Series A,Israel,16.0
ClickUp,San Diego,Other,60.0,0.07,2022-05-23,Series C,United States,537.0
Airtime,New York City,Consumer,30.0,0.2,2022-05-23,Series B,United States,33.0
Latch,New York City,Security,130.0,0.28,2022-05-20,Post-IPO,United States,342.0
Outside,Boulder,Media,87.0,0.15,2022-05-20,Series B,United States,174.0
Skillz,SF Bay Area,Consumer,70.0,0.1,2022-05-20,Post-IPO,United States,287.0
Netflix,SF Bay Area,Media,150.0,0.01,2022-05-17,Post-IPO,United States,121900.0
Kry,Stockholm,Healthcare,100.0,0.1,2022-05-17,Series D,Sweden,568.0
Picsart,Miami,Consumer,90.0,0.08,2022-05-17,Series C,United States,195.0
Zak,Sao Paulo,Food,100.0,0.4,2022-05-16,Series A,United States,29.0
Thirty Madison,New York City,Healthcare,24.0,,2022-05-14,Acquired,United States,209.0
CommonBond,New York City,Finance,22.0,,2022-05-13,Series D,United States,130.0
Zwift,Los Angeles,Fitness,150.0,,2022-05-12,Series C,United States,619.0
Section4,New York City,Education,32.0,,2022-05-12,Series A,United States,37.0
DataRobot,Boston,Data,70.0,0.07,2022-05-11,Series G,United States,1000.0
Doma,SF Bay Area,Finance,310.0,0.15,2022-05-10,Post-IPO,United States,679.0
Pollen,London,Travel,200.0,0.33,2022-05-10,Series C,United Kingdom,238.0
Latch,New York City,Security,30.0,0.06,2022-05-10,Post-IPO,United States,342.0
Meero,Paris,Other,350.0,0.5,2022-05-09,Series C,France,293.0
Vroom,New York City,Transportation,270.0,0.14,2022-05-09,Post-IPO,United States,1300.0
divvyDOSE,Davenport,Healthcare,62.0,,2022-05-06,Acquired,United States,0.0
Vedantu,Bengaluru,Education,200.0,0.03,2022-05-05,Series E,India,292.0
Mural,SF Bay Area,Product,90.0,0.1,2022-05-05,Series C,United States,192.0
On Deck,SF Bay Area,Education,72.0,0.25,2022-05-05,Series A,United States,20.0
SEND,Sydney,Food,300.0,1.0,2022-05-04,Seed,Australia,3.0
Colossus,Boston,Energy,97.0,,2022-05-04,Series A,United States,41.0
Cameo,Chicago,Consumer,87.0,0.25,2022-05-04,Unknown,United States,165.0
Mainstreet,SF Bay Area,Finance,45.0,0.3,2022-05-04,Series A,United States,64.0
Ideoclick,Seattle,Retail,40.0,,2022-05-04,Series A,United States,7.0
Vise,New York City,Finance,25.0,,2022-05-04,Series C,United States,128.0
Domestika,SF Bay Area,Education,150.0,0.19,2022-04-28,Series D,United States,130.0
Netflix,SF Bay Area,Media,25.0,,2022-04-28,Post-IPO,United States,121900.0
Robinhood,SF Bay Area,Finance,340.0,0.09,2022-04-26,Post-IPO,United States,5600.0
Bonsai,Toronto,Retail,29.0,0.34,2022-04-26,Series A,Canada,27.0
Sigfox,Toulouse,Other,64.0,,2022-04-25,Acquired,France,277.0
Clyde,New York City,Marketing,22.0,,2022-04-25,Series B,United States,58.0
Xiaohongshu,Shanghai,Consumer,180.0,0.09,2022-04-21,Series E,China,917.0
Facily,Sao Paulo,Retail,260.0,0.3,2022-04-20,Series D,Brazil,502.0
Lemonade,New York City,Finance,52.0,,2022-04-20,Post-IPO,United States,481.0
Blend,SF Bay Area,Finance,200.0,0.1,2022-04-19,Post-IPO,United States,665.0
QuintoAndar,Sao Paulo,Real Estate,160.0,0.04,2022-04-19,Series E,Brazil,755.0
Loft,Sao Paulo,Real Estate,159.0,,2022-04-19,Unknown,Brazil,788.0
Humble,SF Bay Area,Media,10.0,,2022-04-15,Acquired,United States,4.0
Ahead,SF Bay Area,Healthcare,44.0,1.0,2022-04-14,Unknown,United States,9.0
Rad Power Bikes,Seattle,Transportation,100.0,0.14,2022-04-12,Series D,United States,329.0
Meesho,Bengaluru,Retail,150.0,,2022-04-11,Series F,India,1100.0
Food52,New York City,Food,20.0,0.1,2022-04-08,Acquired,United States,176.0
Goodfood,Calgary,Food,70.0,,2022-04-07,Post-IPO,Canada,16.0
BitMEX,Non-U.S.,Crypto,75.0,0.25,2022-04-04,Seed,Seychelles,0.0
Legible,Vancouver,Media,23.0,0.38,2022-04-04,Post-IPO,Canada,3.0
Lightico,Tel Aviv,Finance,20.0,,2022-03-31,Series B,Israel,42.0
Sea,Bengaluru,Retail,350.0,,2022-03-30,Post-IPO,India,8600.0
Rasa,Berlin,Data,59.0,0.4,2022-03-30,Series B,Germany,40.0
Thinkific,Vancouver,Education,100.0,0.2,2022-03-29,Post-IPO,Canada,22.0
Furlenco,Bengaluru,Retail,180.0,,2022-03-26,Series D,India,228.0
Storytel,Stockholm,Media,100.0,0.1,2022-03-17,Post-IPO,Sweden,275.0
Curology,SF Bay Area,Healthcare,150.0,,2022-03-16,Series D,United States,19.0
Trell,Bengaluru,Retail,300.0,0.5,2022-03-15,Series B,India,62.0
Knock,New York City,Real Estate,115.0,0.46,2022-03-15,Unknown,United States,654.0
Adaptive Biotechnologies,Seattle,Healthcare,100.0,0.12,2022-03-08,Post-IPO,United States,406.0
Hyperscience,New York City,Data,100.0,0.25,2022-03-03,Series E,United States,289.0
Wish,SF Bay Area,Retail,190.0,0.15,2022-03-01,Post-IPO,United States,1600.0
OKCredit,New Delhi,Finance,30.0,,2022-02-24,Series B,India,85.0
Lido,Mumbai,Education,150.0,,2022-02-21,Series A,India,24.0
Virgin Hyperloop,Los Angeles,Transportation,111.0,0.5,2022-02-21,Unknown,United States,368.0
Trustly,Stockholm,Finance,120.0,,2022-02-17,Acquired,Sweden,28.0
Liv Up,Sao Paulo,Food,100.0,0.15,2022-02-16,Series D,Brazil,118.0
Homie,Salt Lake City,Real Estate,119.0,0.29,2022-02-14,Series B,United States,35.0
Hopin,London,Other,138.0,0.12,2022-02-10,Series D,United States,1000.0
Daily Harvest,New York City,Food,60.0,0.2,2022-02-10,Series D,United States,120.0
Rhino,New York City,Real Estate,57.0,0.2,2022-02-03,Unknown,United States,133.0
Gopuff,Philadelphia,Food,100.0,,2022-01-26,Series H,United States,3400.0
Glossier,New York City,Retail,80.0,0.33,2022-01-26,Series E,United States,266.0
Root Insurance,Columbus,Finance,330.0,,2022-01-20,Post-IPO,United States,527.0
Delivery Hero,Berlin,Food,300.0,,2021-12-22,Post-IPO,Germany,8300.0
BitTitan,Seattle,Data,70.0,0.27,2021-11-18,Acquired,United States,46.0
InVision,New York City,Product,22.0,,2021-10-05,Unknown,United States,356.0
Zymergen,SF Bay Area,Other,120.0,,2021-09-23,Post-IPO,United States,974.0
Treehouse,Portland,Education,41.0,0.9,2021-09-14,Series B,United States,12.0
Tanium,Seattle,Security,30.0,,2021-08-30,Unknown,United States,1000.0
Flockjay,SF Bay Area,Education,37.0,0.5,2021-08-24,Series A,United States,14.0
Pagarbook,Bengaluru,HR,80.0,,2021-07-26,Series A,India,17.0
Lambda School,SF Bay Area,Education,65.0,,2021-04-29,Series C,United States,122.0
Patreon,SF Bay Area,Media,36.0,,2021-04-26,Series D,United States,165.0
New Relic,SF Bay Area,Infrastructure,160.0,0.07,2021-04-06,Post-IPO,United States,214.5
HuffPo,New York City,Media,47.0,,2021-03-09,Acquired,United States,37.0
Ninjacart,Bengaluru,Food,200.0,,2021-02-23,Unknown,India,194.0
Bounce,Bengaluru,Transportation,200.0,0.4,2021-02-22,Series D,India,214.2
ThredUp,Chicago,Retail,243.0,,2021-02-09,Series F,United States,305.0
Indigo,Boston,Other,80.0,,2021-02-09,Series F,United States,1200.0
Quandoo,Berlin,Food,87.0,0.2,2021-02-03,Acquired,Germany,39.0
Hubba,Toronto,Retail,45.0,1.0,2021-02-01,Series B,Canada,61.0
Privitar,London,Data,20.0,,2021-01-27,Series C,United Kingdom,150.0
Postmates,SF Bay Area,Food,180.0,0.15,2021-01-23,Acquired,United States,763.0
Pocketmath,Singapore,Marketing,21.0,1.0,2021-01-20,Unknown,Singapore,20.0
Dropbox,SF Bay Area,Other,315.0,0.15,2021-01-13,Post-IPO,United States,1700.0
Breather,Montreal,Real Estate,120.0,0.8,2020-12-16,Series D,Canada,131.0
Actifio,Boston,Data,54.0,,2020-12-16,Acquired,United States,352.0
Aya,Toronto,Finance,5.0,0.25,2020-11-19,Seed,United States,3.0
Bridge Connector,Nashville,Healthcare,154.0,1.0,2020-11-17,Series B,United States,45.0
Worksmith,Austin,Retail,30.0,0.5,2020-11-09,Unknown,United States,3.8
LivePerson,New York City,Support,30.0,,2020-11-01,Post-IPO,United States,42.0
Remedy,Austin,Healthcare,82.0,,2020-10-29,Series A,United States,12.5
Knotel,New York City,Real Estate,20.0,0.08,2020-10-29,Series C,United States,560.0
CodeCombat,SF Bay Area,Education,8.0,,2020-10-23,Series A,United States,8.0
GetYourGuide,Berlin,Travel,90.0,0.17,2020-10-14,Series E,Germany,656.0
OLX India,New Delhi,Marketing,250.0,,2020-10-10,Acquired,India,28.0
Alto Pharmacy,SF Bay Area,Healthcare,47.0,0.06,2020-09-29,Series D,United States,356.0
NS8,Las Vegas,Data,240.0,0.95,2020-09-11,Series A,United States,157.9
Bleacher Report,London,Media,20.0,,2020-09-11,Acquired,United Kingdom,40.5
Waze,SF Bay Area,Transportation,30.0,0.054,2020-09-09,Acquired,United States,67.0
Big Fish Games,Seattle,Media,250.0,,2020-09-01,Acquired,United States,95.2
GoBear,Singapore,Finance,22.0,0.11,2020-09-01,Unknown,Singapore,97.0
MakeMyTrip,New Delhi,Travel,350.0,0.1,2020-08-31,Post-IPO,India,548.0
Superloop,Brisbane,Infrastructure,30.0,,2020-08-24,Post-IPO,Australia,36.0
Docly,London,Healthcare,8.0,0.8,2020-08-19,Seed,United Kingdom,15.5
Shopify,Ottawa,Retail,30.0,,2020-08-14,Post-IPO,Canada,122.3
Mozilla,SF Bay Area,Consumer,250.0,0.25,2020-08-11,Unknown,United States,2.3
Eatsy,Singapore,Food,20.0,1.0,2020-08-08,Seed,Singapore,0.9755
Glossier,New York City,Retail,150.0,0.38,2020-08-07,Series D,United States,186.4
Thriver,Toronto,Food,75.0,0.5,2020-08-06,Series B,Canada,53.0
Vesta,Atlanta,Sales,56.0,,2020-08-05,Unknown,United States,20.0
Buy.com / Rakuten,SF Bay Area,Retail,87.0,1.0,2020-07-30,Acquired,United States,42.4
Procore,Los Angeles,Construction,180.0,0.09,2020-07-28,Unknown,United States,649.0
Swiggy,Bengaluru,Food,350.0,0.05,2020-07-27,Series I,India,1600.0
Zeitgold,Berlin,Finance,75.0,0.72,2020-07-27,Series B,Germany,60.18
Checkr,SF Bay Area,HR,64.0,0.12,2020-07-23,Series D,United States,309.0
Lighter Capital,Seattle,Finance,22.0,0.49,2020-07-20,Series B,United States,15.0
Curefit,Bengaluru,Fitness,120.0,,2020-07-17,Series D,India,404.6
Optimizely,SF Bay Area,Marketing,60.0,0.15,2020-07-15,Series D,United States,251.2
Skyscanner,Edinburgh,Travel,300.0,0.2,2020-07-14,Acquired,United Kingdom,197.2
Yelp,SF Bay Area,Consumer,63.0,,2020-07-13,Post-IPO,United States,56.0
Bizongo,Mumbai,Logistics,140.0,,2020-07-10,Series C,India,70.0
Zilingo,Singapore,Retail,100.0,0.12,2020-07-09,Series D,Singapore,307.0
PaySense,Mumbai,Finance,40.0,,2020-07-09,Acquired,India,25.6
Funding Circle,SF Bay Area,Finance,85.0,,2020-07-08,Post-IPO,United States,746.0
The Wing,New York City,Real Estate,56.0,,2020-07-01,Series C,United States,117.0
Sharethrough,SF Bay Area,Marketing,18.0,,2020-07-01,Series D,United States,38.0
Kongregate,SF Bay Area,Media,12.0,,2020-07-01,Series C,United States,19.0
Havenly,Denver,Consumer,5.0,,2020-07-01,Series C,United States,57.8
G2,Chicago,Marketing,17.0,0.05,2020-06-30,Series C,United States,100.8
Bounce,Bengaluru,Transportation,130.0,0.22,2020-06-29,Series D,India,214.2
Argo AI,Munich,Transportation,100.0,,2020-06-29,Unknown,Germany,3600.0
Bossa Nova,SF Bay Area,Retail,61.0,,2020-06-29,Unknown,United States,101.6
New Relic,Portland,Infrastructure,20.0,,2020-06-29,Post-IPO,United States,214.5
Sonos,New York City,Consumer,174.0,0.12,2020-06-24,Post-IPO,United States,455.2
ScaleFactor,Austin,Finance,90.0,0.9,2020-06-23,Series C,United States,103.0
Dark,SF Bay Area,Product,6.0,1.0,2020-06-23,Seed,United States,3.0
WeWork,London,Real Estate,200.0,,2020-06-19,Series H,United Kingdom,19500.0
Atlas Obscura,New York City,Media,15.0,,2020-06-18,Series B,United States,32.0
Navi,Bengaluru,Finance,40.0,0.25,2020-06-17,Private Equity,India,582.0
Grab,Singapore,Transportation,360.0,0.05,2020-06-16,Series I,Singapore,9900.0
Splunk,SF Bay Area,Data,70.0,0.01,2020-06-16,Post-IPO,United States,40.0
Redox,Madison,Healthcare,44.0,0.25,2020-06-16,Series C,United States,50.0
Uber,Amsterdam,Transportation,225.0,0.25,2020-06-12,Post-IPO,Netherlands,24700.0
SynapseFI,SF Bay Area,Finance,63.0,0.48,2020-06-12,Series B,United States,50.0
Branch,New York City,Retail,3.0,0.27,2020-06-11,Seed,United States,2.0
Integrate.ai,Toronto,Support,26.0,,2020-06-09,Unknown,Canada,39.6
The Athletic,SF Bay Area,Media,46.0,0.08,2020-06-05,Series D,United States,139.0
Ethos Life,SF Bay Area,Finance,18.0,0.14,2020-06-05,Series C,United States,106.0
Lastline,SF Bay Area,Security,50.0,0.4,2020-06-04,Series C,United States,52.0
Builder,Los Angeles,Product,39.0,0.14,2020-06-04,Series A,United States,29.0
Monzo,London,Finance,120.0,0.08,2020-06-03,Series F,United Kingdom,324.0
Kitty Hawk,SF Bay Area,Aerospace,70.0,,2020-06-03,Unknown,United States,1.0
SpotHero,Chicago,Transportation,40.0,0.21,2020-06-03,Series D,United States,117.0
Credit Sesame,SF Bay Area,Finance,22.0,0.14,2020-06-03,Series F,United States,120.0
Circ,Berlin,Transportation,100.0,,2020-06-02,Acquired,Germany,55.0
Rivian,Detroit,Transportation,40.0,0.02,2020-06-02,Private Equity,United States,3100.0
Fundbox,SF Bay Area,Finance,14.0,0.15,2020-06-02,Series C,United States,453.0
Descartes Labs,Santa Fe,Data,12.0,0.16,2020-06-02,Series B,United States,58.0
MakerBot,New York City,Consumer,12.0,,2020-06-02,Acquired,United States,10.0
MakeMyTrip,Gurugram,Travel,350.0,0.1,2020-06-01,Post-IPO,India,548.0
CrowdStreet,Portland,Real Estate,24.0,0.22,2020-06-01,Series C,United States,24.0
Brex,SF Bay Area,Finance,62.0,0.15,2020-05-29,Series C,United States,732.0
Loftium,Seattle,Real Estate,32.0,0.6,2020-05-29,Series A,United States,17.0
BookMyShow,Mumbai,Consumer,270.0,0.18,2020-05-28,Unknown,India,224.0
TrueCar,Los Angeles,Transportation,219.0,0.3,2020-05-28,Post-IPO,United States,340.0
StubHub,SF Bay Area,Consumer,200.0,,2020-05-28,Acquired,United States,19.0
Culture Amp,Melbourne,HR,36.0,0.08,2020-05-28,Series E,Australia,157.0
The Sill,New York City,Retail,20.0,0.25,2020-05-28,Series A,United States,7.0
Instructure,Salt Lake City,Education,150.0,0.12,2020-05-27,Acquired,United States,89.0
Ebanx,Curitiba,Finance,62.0,0.08,2020-05-27,Unknown,Brazil,30.0
Bluprint,Denver,Education,137.0,1.0,2020-05-26,Acquired,United States,108.0
Acorns,Portland,Finance,50.0,,2020-05-26,Unknown,United States,207.0
CarDekho,Gurugram,Transportation,200.0,,2020-05-25,Series D,India,247.0
PickYourTrail,Chennai,Travel,70.0,0.35,2020-05-21,Series A,India,3.0
Glitch,New York City,Product,18.0,0.36,2020-05-21,Series A,United States,30.0
Samsara,SF Bay Area,Logistics,300.0,0.18,2020-05-20,Series F,United States,530.0
Stay Alfred,Spokane,Travel,221.0,1.0,2020-05-20,Series B,United States,62.0
SoFi,SF Bay Area,Finance,112.0,0.07,2020-05-20,Private Equity,United States,2500.0
ShareChat,Bengaluru,Consumer,101.0,0.25,2020-05-20,Series D,India,222.0
Intercom,SF Bay Area,Support,39.0,0.06,2020-05-20,Series D,United States,240.0
Pollen,London,Travel,69.0,0.31,2020-05-19,Series B,United Kingdom,88.0
WeWork,New Delhi,Real Estate,100.0,0.2,2020-05-18,Series H,India,19500.0
Rubrik,SF Bay Area,Infrastructure,57.0,,2020-05-18,Series E,United States,553.0
Magicbricks,Noida,Real Estate,250.0,,2020-05-17,Unknown,India,300.0
Lattice,SF Bay Area,HR,16.0,0.1,2020-05-15,Series C,United States,49.0
Cruise,SF Bay Area,Transportation,150.0,0.08,2020-05-14,Acquired,United States,5300.0
Integral Ad Science,New York City,Marketing,70.0,0.1,2020-05-14,Acquired,United States,116.0
Ridecell,SF Bay Area,Transportation,35.0,0.15,2020-05-14,Series B,United States,73.0
Veem,SF Bay Area,Finance,30.0,,2020-05-14,Unknown,United States,69.0
Mercos,Joinville,Sales,51.0,0.4,2020-05-13,Unknown,Brazil,2.0
Kickstarter,New York City,Finance,25.0,0.18,2020-05-13,Unknown,United States,10.0
Mode Analytics,SF Bay Area,Data,17.0,,2020-05-13,Series C,United States,46.0
Zeus Living,SF Bay Area,Real Estate,73.0,0.5,2020-05-12,Series B,United States,79.0
Mixpanel,SF Bay Area,Data,65.0,0.19,2020-05-12,Series B,United States,77.0
Hireology,Chicago,Recruiting,36.0,0.17,2020-05-12,Series D,United States,52.0
Top Hat,Toronto,Education,16.0,0.03,2020-05-12,Series D,Canada,104.0
Revolut,London,Finance,60.0,0.03,2020-05-11,Series D,United Kingdom,837.0
Cadre,New York City,Real Estate,28.0,0.25,2020-05-11,Series C,United States,133.0
N26,New York City,Finance,9.0,0.01,2020-05-08,Series D,United States,782.0
Glassdoor,SF Bay Area,Recruiting,300.0,0.3,2020-05-07,Acquired,United States,204.0
Numbrs,Zurich,Finance,62.0,0.5,2020-05-07,Series B,Switzerland,78.0
Flywire,Boston,Finance,60.0,0.12,2020-05-07,Series E,United States,263.0
SalesLoft,Atlanta,Sales,55.0,,2020-05-07,Series D,United States,145.0
Tally,SF Bay Area,Finance,28.0,0.23,2020-05-07,Series C,United States,92.0
Flatiron School,New York City,Education,100.0,,2020-05-06,Acquired,United States,15.0
Rubicon Project,Los Angeles,Marketing,50.0,0.08,2020-05-06,Post-IPO,United States,60.0
Segment,SF Bay Area,Data,50.0,0.1,2020-05-06,Series D,United States,283.0
Andela,New York City,Recruiting,135.0,0.1,2020-05-05,Series D,United States,181.0
Stack Overflow,New York City,Recruiting,40.0,0.15,2020-05-05,Series D,United States,68.0
Pipedrive,Tallinn,Sales,31.0,,2020-05-05,Series C,Estonia,90.0
Workable,Boston,Recruiting,25.0,0.1,2020-05-05,Series C,United States,84.0
Veriff,Tallinn,Security,63.0,0.21,2020-05-04,Series A,Estonia,7.0
Element AI,Montreal,Other,62.0,0.15,2020-05-04,Series B,Canada,257.0
Deputy,Sydney,HR,60.0,0.3,2020-05-04,Series B,Australia,106.0
Loopio,Toronto,Sales,11.0,0.08,2020-05-04,Series A,Canada,11.0
Trax,Tel Aviv,Retail,120.0,0.1,2020-05-03,Series D,Israel,386.0
LiveTiles,New York City,Other,50.0,,2020-05-03,Post-IPO,United States,46.0
OYO,London,Travel,150.0,,2020-05-01,Series F,United Kingdom,2400.0
Namely,New York City,HR,110.0,0.4,2020-05-01,Series E,United States,217.0
Culture Trip,London,Media,95.0,0.32,2020-05-01,Series B,United Kingdom,102.0
Sandbox VR,SF Bay Area,Consumer,80.0,0.8,2020-05-01,Series A,United States,82.0
Virtudent,Boston,Healthcare,70.0,,2020-05-01,Series A,United States,10.0
Monese,Lisbon,Finance,35.0,,2020-05-01,Unknown,Portugal,80.0
TheSkimm,New York City,Media,26.0,0.2,2020-05-01,Series C,United States,28.0
Bullhorn,Boston,Sales,100.0,,2020-04-30,Acquired,United States,32.0
Care.com,Boston,Consumer,81.0,,2020-04-30,Acquired,United States,156.0
WeWork,SF Bay Area,Real Estate,300.0,,2020-04-29,Series H,United States,2250.0
Kayak / OpenTable,Stamford,Travel,160.0,0.08,2020-04-29,Acquired,United States,229.0
Kitopi,New York City,Food,124.0,,2020-04-29,Series B,United States,89.0
Lime,SF Bay Area,Transportation,80.0,0.13,2020-04-29,Series D,United States,765.0
Transfix,New York City,Logistics,24.0,0.1,2020-04-29,Series D,United States,128.0
Deliveroo,London,Food,367.0,0.15,2020-04-28,Series G,United Kingdom,1500.0
App Annie,SF Bay Area,Data,80.0,0.18,2020-04-28,Unknown,United States,156.0
OpenX,Los Angeles,Marketing,35.0,0.15,2020-04-28,Unknown,United States,70.0
PayJoy,SF Bay Area,Finance,27.0,0.25,2020-04-28,Series B,United States,71.0
Shipsi,Los Angeles,Retail,20.0,0.5,2020-04-28,Seed,United States,2.0
Automation Anywhere,SF Bay Area,Other,260.0,0.1,2020-04-27,Series B,United States,840.0
JetClosing,Seattle,Real Estate,20.0,0.2,2020-04-27,Series A,United States,24.0
Submittable,Missoula,Other,30.0,0.2,2020-04-25,Series B,United States,17.0
Divergent 3D,Los Angeles,Transportation,57.0,0.36,2020-04-24,Series B,United States,88.0
Ada Support,Toronto,Support,36.0,0.23,2020-04-24,Series B,Canada,60.0
UPshow,Chicago,Marketing,19.0,0.3,2020-04-24,Series A,United States,7.0
Lighter Capital,Seattle,Finance,18.0,0.22,2020-04-24,Series B,United States,15.0
Horizn Studios,Berlin,Travel,15.0,0.25,2020-04-24,Series B,Germany,30.0
Welkin Health,SF Bay Area,Healthcare,10.0,0.33,2020-04-24,Series B,United States,29.0
Jiobit,Chicago,Consumer,6.0,0.21,2020-04-24,Unknown,United States,12.0
TutorMundi,Sao Paulo,Education,4.0,1.0,2020-04-24,Series A,Brazil,2.0
StockX,Detroit,Retail,100.0,0.12,2020-04-23,Series C,United States,160.0
Zenefits,SF Bay Area,HR,87.0,0.15,2020-04-23,Series C,United States,583.0
Sisense,New York City,Data,80.0,0.09,2020-04-23,Series F,United States,274.0
Oscar Health,New York City,Healthcare,70.0,0.05,2020-04-23,Unknown,United States,1300.0
Simon Data,New York City,Marketing,6.0,,2020-04-23,Series C,United States,68.0
When I Work,Minneapolis,HR,55.0,0.35,2020-04-22,Series B,United States,24.0
Ike,SF Bay Area,Transportation,10.0,0.14,2020-04-22,Series A,United States,52.0
Houzz,SF Bay Area,Consumer,155.0,0.1,2020-04-21,Series E,United States,613.0
Casper,New York City,Retail,78.0,0.21,2020-04-21,Post-IPO,United States,339.0
RealSelf,Seattle,Healthcare,40.0,0.13,2020-04-21,Series B,United States,42.0
Freshbooks,Toronto,Finance,38.0,0.09,2020-04-21,Series B,Canada,75.0
Patreon,SF Bay Area,Media,30.0,0.13,2020-04-21,Series D,United States,165.0
Lambda School,SF Bay Area,Education,19.0,,2020-04-21,Series B,United States,48.0
Bringg,Tel Aviv,Logistics,10.0,0.1,2020-04-21,Series D,Israel,84.0
Klook,Hong Kong,Travel,300.0,0.15,2020-04-20,Series D,Hong Kong,521.0
ConsenSys,New York City,Crypto,91.0,0.14,2020-04-20,Unknown,United States,10.0
GumGum,Los Angeles,Marketing,90.0,0.25,2020-04-20,Series D,United States,58.0
Kueski,Guadalajara,Finance,90.0,0.3,2020-04-20,Series B,Mexico,38.0
Movidesk,Blumenau,Support,33.0,0.25,2020-04-20,Seed,Brazil,1.0
Zum,SF Bay Area,Transportation,28.0,,2020-04-20,Series C,United States,71.0
Komodo Health,SF Bay Area,Healthcare,23.0,0.09,2020-04-20,Series C,United States,50.0
Forward,SF Bay Area,Healthcare,10.0,0.03,2020-04-20,Series C,United States,100.0
BlackBuck,Bengaluru,Logistics,200.0,,2020-04-17,Series D,India,293.0
ContaAzul,Joinville,Education,140.0,0.35,2020-04-17,Series D,Brazil,37.0
Greenhouse Software,New York City,Recruiting,120.0,0.28,2020-04-17,Series D,United States,110.0
QuintoAndar,Sao Paulo,Real Estate,88.0,0.08,2020-04-17,Series D,Brazil,335.0
Loft,Sao Paulo,Real Estate,47.0,0.1,2020-04-17,Series C,Brazil,263.0
Zilingo,Singapore,Retail,44.0,0.05,2020-04-17,Series D,Singapore,307.0
Labster,Copenhagen,Education,40.0,,2020-04-17,Series B,Denmark,34.0
Sweetgreen,Los Angeles,Food,35.0,0.1,2020-04-17,Series I,United States,478.0
People.ai,SF Bay Area,Marketing,30.0,0.18,2020-04-17,Series C,United States,100.0
Tor,Boston,Security,13.0,0.37,2020-04-17,Unknown,United States,1.0
CarGurus,Boston,Transportation,130.0,0.13,2020-04-16,Post-IPO,United States,1.0
Funding Societies,Singapore,Finance,65.0,0.18,2020-04-16,Series B,Singapore,42.0
CleverTap,Mumbai,Marketing,60.0,0.2,2020-04-16,Series C,India,76.0
GoPro,SF Bay Area,Consumer,200.0,0.2,2020-04-15,Post-IPO,United States,288.0
Shop101,Mumbai,Retail,200.0,0.4,2020-04-15,Series C,India,19.0
Zume,SF Bay Area,Food,200.0,0.67,2020-04-15,Unknown,United States,423.0
Carta,SF Bay Area,Finance,161.0,0.16,2020-04-15,Series E,United States,447.0
Akulaku,Jakarta,Finance,100.0,,2020-04-15,Series D,Indonesia,160.0
Parsable,SF Bay Area,HR,40.0,0.25,2020-04-15,Series C,United States,72.0
Kodiak Robotics,SF Bay Area,Transportation,15.0,0.2,2020-04-15,Series A,United States,40.0
Tulip Retail,Toronto,Retail,14.0,,2020-04-15,Series B,Canada,51.0
Trove Recommerce,SF Bay Area,Retail,13.0,,2020-04-15,Series C,United States,34.0
The RealReal,SF Bay Area,Retail,235.0,0.1,2020-04-14,Post-IPO,United States,358.0
TouchBistro,Toronto,Food,131.0,0.23,2020-04-14,Series E,Canada,224.0
Envoy,SF Bay Area,HR,58.0,0.3,2020-04-14,Series B,United States,59.0
VSCO,SF Bay Area,Consumer,45.0,0.35,2020-04-14,Series B,United States,90.0
Skillz,SF Bay Area,Consumer,21.0,,2020-04-14,Series D,United States,132.0
DataStax,SF Bay Area,Data,15.0,,2020-04-14,Series E,United States,190.0
Xerpa,Sao Paulo,HR,10.0,,2020-04-14,Unknown,Brazil,5.0
Zoox,SF Bay Area,Transportation,100.0,0.1,2020-04-13,Series B,United States,955.0
Neon,Sao Paulo,Finance,70.0,0.1,2020-04-13,Series B,Brazil,120.0
EasyPost,SF Bay Area,Logistics,50.0,0.25,2020-04-13,Series A,United States,12.0
Clearbanc,Toronto,Finance,17.0,0.08,2020-04-13,Series B,Canada,119.0
Meow Wolf,Santa Fe,Media,201.0,,2020-04-10,Unknown,United States,185.0
Frontdesk,Milwaukee,Travel,35.0,0.16,2020-04-10,Unknown,United States,3.0
BeeTech,Sao Paulo,Finance,30.0,,2020-04-10,Series B,Brazil,14.0
Built In,Chicago,Recruiting,28.0,,2020-04-10,Series C,United States,29.0
NuoDB,Boston,Data,20.0,0.29,2020-04-10,Unknown,United States,85.0
Rhumbix,SF Bay Area,Construction,16.0,0.27,2020-04-10,Series B,United States,35.0
Atsu,Seattle,Infrastructure,6.0,1.0,2020-04-10,Unknown,United States,1.0
Monzo,Las Vegas,Finance,165.0,,2020-04-09,Series F,United States,324.0
OneTrust,Atlanta,Security,150.0,0.1,2020-04-09,Series B,United States,410.0
Omie,Sao Paulo,Finance,136.0,0.31,2020-04-09,Series B,Brazil,26.0
Domo,Salt Lake City,Data,90.0,0.1,2020-04-09,Post-IPO,United States,689.0
Matterport,SF Bay Area,Data,90.0,0.34,2020-04-09,Series D,United States,114.0
Clinc,Ann Arbor,Support,40.0,0.32,2020-04-09,Series B,United States,59.0
Mejuri,Toronto,Retail,36.0,0.15,2020-04-09,Series B,Canada,28.0
Code42,Minneapolis,Data,25.0,0.05,2020-04-09,Series B,United States,137.5
LoopMe,London,Marketing,8.0,0.04,2020-04-09,Unknown,United Kingdom,32.0
Meesho,Bengaluru,Retail,200.0,0.28,2020-04-08,Series D,India,215.0
Scoop,SF Bay Area,Transportation,92.0,0.33,2020-04-08,Series C,United States,95.0
Unison,SF Bay Area,Finance,89.0,0.45,2020-04-08,Series B,United States,40.0
Lever,SF Bay Area,Recruiting,86.0,0.4,2020-04-08,Series C,United States,72.0
Unbabel,Lisbon,Support,80.0,0.35,2020-04-08,Series C,Portugal,91.0
Button,New York City,Marketing,48.0,0.35,2020-04-08,Series C,United States,64.0
Eden / Managed By Q,New York City,Real Estate,40.0,0.4,2020-04-08,Series B,United States,40.0
Quantcast,SF Bay Area,Marketing,30.0,0.05,2020-04-08,Series C,United States,65.0
VideoAmp,Los Angeles,Marketing,21.0,0.1,2020-04-08,Series C,United States,106.0
Kenoby,Sao Paulo,Recruiting,18.0,0.16,2020-04-08,Unknown,Brazil,23.0
GetNinjas,Sao Paulo,Consumer,11.0,0.1,2020-04-08,Series B,Brazil,16.0
Spyce,Boston,Food,4.0,0.12,2020-04-08,Series A,United States,26.0
Sage Therapeutics,Boston,Healthcare,340.0,0.53,2020-04-07,Post-IPO,United States,438.0
Redfin,Seattle,Real Estate,236.0,0.07,2020-04-07,Post-IPO,United States,319.0
Branch Metrics,SF Bay Area,Marketing,100.0,0.2,2020-04-07,Series E,United States,367.0
Ibotta,Denver,Retail,87.0,0.15,2020-04-07,Series D,United States,85.0
Virta Health,SF Bay Area,Healthcare,65.0,,2020-04-07,Series C,United States,175.0
Away,New York City,Retail,60.0,0.1,2020-04-07,Series D,United States,181.0
MediaMath,New York City,Marketing,53.0,0.08,2020-04-07,Private Equity,United States,607.0
Group Nine Media,New York City,Media,50.0,0.07,2020-04-07,Unknown,United States,190.0
Nav,Salt Lake City,Finance,30.0,,2020-04-07,Series C,United States,99.0
Metromile,SF Bay Area,Finance,100.0,0.33,2020-04-06,Series E,United States,293.0
Rock Content,Belo Horizonte,Marketing,100.0,0.2,2020-04-06,Series A,Brazil,0.7
BounceX,New York City,Marketing,77.0,0.2,2020-04-06,Series B,United States,75.0
Wordstream,Boston,Marketing,26.0,0.1,2020-04-06,Acquired,United States,28.0
Cogito,Boston,Support,24.0,0.14,2020-04-06,Series C,United States,92.0
BusBud,Montreal,Transportation,23.0,0.32,2020-04-06,Series B,Canada,21.0
Borrowell,Toronto,Finance,15.0,0.2,2020-04-06,Series B,Canada,72.0
PerkSpot,Chicago,HR,10.0,0.1,2020-04-06,Private Equity,United States,50.0
Astra,SF Bay Area,Aerospace,40.0,0.25,2020-04-05,Unknown,United States,100.0
Iflix,Kuala Lumpur,Consumer,50.0,0.12,2020-04-04,Unknown,Malaysia,348.0
Sojern,SF Bay Area,Marketing,300.0,0.5,2020-04-03,Series D,United States,162.0
Minted,SF Bay Area,Retail,147.0,0.37,2020-04-03,Series E,United States,297.0
Velodyne Lidar,SF Bay Area,Transportation,140.0,,2020-04-03,Unknown,United States,225.0
Zoox,SF Bay Area,Transportation,120.0,,2020-04-03,Series B,United States,955.0
Arrive Logistics,Austin,Logistics,75.0,0.07,2020-04-03,Series B,United States,35.0
Salsify,Boston,Retail,60.0,0.13,2020-04-03,Series D,United States,97.0
Jetty,New York City,Finance,35.0,0.4,2020-04-03,Series B,United States,40.0
D2iQ,SF Bay Area,Infrastructure,34.0,0.13,2020-04-03,Series D,United States,247.0
Bustle Digital Group,New York City,Media,24.0,0.08,2020-04-03,Series E,United States,80.0
Bustle Digital Group,New York City,Media,19.0,,2020-04-03,Series E,United States,80.0
Opencare,Toronto,Healthcare,18.0,0.25,2020-04-03,Series A,Canada,24.0
Anagram,Los Angeles,Healthcare,17.0,,2020-04-03,Series A,United States,14.0
DSCO,Salt Lake City,Retail,12.0,,2020-04-03,Series A,United States,4.0
Katerra,SF Bay Area,Construction,240.0,0.03,2020-04-02,Series D,United States,1200.0
Ritual,Toronto,Food,196.0,0.54,2020-04-02,Series C,Canada,112.0
ClassPass,New York City,Fitness,154.0,0.22,2020-04-02,Series E,United States,549.0
eGym,Munich,Fitness,100.0,0.25,2020-04-02,Series D,Germany,109.0
Voi,Stockholm,Transportation,100.0,,2020-04-02,Series B,Sweden,167.0
Industrious,New York City,Real Estate,90.0,0.2,2020-04-02,Series D,United States,222.0
1stdibs,New York City,Retail,70.0,0.17,2020-04-02,Series D,United States,253.0
ThirdLove,SF Bay Area,Retail,65.0,0.3,2020-04-02,Series B,United States,68.0
Latch,New York City,Security,60.0,,2020-04-02,Series B,United States,152.0
The Predictive Index,Boston,HR,59.0,0.25,2020-04-02,Acquired,United States,65.0
Shuttl,New Delhi,Transportation,40.0,,2020-04-02,Series C,India,122.0
Jobcase,Boston,Recruiting,39.0,0.2,2020-04-02,Private Equity,United States,118.0
Copper,SF Bay Area,Marketing,35.0,,2020-04-02,Series C,United States,102.0
Dynamic Signal,SF Bay Area,HR,35.0,0.19,2020-04-02,Series E,United States,114.0
FiscalNote,Washington D.C.,Media,30.0,,2020-04-02,Series D,United States,50.0
Sauce Labs,SF Bay Area,Infrastructure,30.0,0.15,2020-04-02,Unknown,United States,151.0
Humu,SF Bay Area,HR,26.0,,2020-04-02,Series B,United States,40.0
TripleLift,New York City,Marketing,23.0,0.07,2020-04-02,Series B,United States,16.0
Coding Dojo,Seattle,Education,7.0,0.07,2020-04-02,Unknown,United States,2.0
Instamojo,Bengaluru,Finance,6.0,0.06,2020-04-02,Unknown,India,8.0
Synergysuite,Salt Lake City,Food,5.0,0.07,2020-04-02,Series A,United States,6.0
Booksy,SF Bay Area,Consumer,200.0,,2020-04-01,Series B,United States,48.0
PatientPop,Los Angeles,Healthcare,100.0,0.2,2020-04-01,Series B,United States,75.0
Showpad,Chicago,Marketing,52.0,0.12,2020-04-01,Series D,United States,159.0
Highsnobiety,Berlin,Media,51.0,0.25,2020-04-01,Series A,Germany,8.5
Earnin,SF Bay Area,Finance,50.0,0.2,2020-04-01,Series C,United States,190.0
Wonolo,SF Bay Area,Recruiting,46.0,0.13,2020-04-01,Series C,United States,52.0
Acko,Mumbai,Finance,45.0,0.09,2020-04-01,Unknown,India,143.0
Aqua Security,Tel Aviv,Security,24.0,0.09,2020-04-01,Series C,Israel,100.0
Crayon,Boston,Marketing,20.0,0.2,2020-04-01,Series A,United States,16.0
Pana,Denver,Travel,18.0,,2020-04-01,Series A,United States,11.0
Sensibill,Toronto,Finance,17.0,0.2,2020-04-01,Series B,Canada,50.0
Usermind,Seattle,Marketing,15.0,0.25,2020-04-01,Series C,United States,46.0
Incredible Health,SF Bay Area,Healthcare,9.0,0.4,2020-04-01,Series A,United States,15.0
KeepTruckin,SF Bay Area,Logistics,349.0,0.18,2020-03-31,Series D,United States,227.0
AdRoll,Salt Lake City,Marketing,210.0,0.3,2020-03-31,Series C,United States,89.0
Rover,Seattle,Consumer,194.0,0.41,2020-03-31,Series G,United States,310.0
Turo,SF Bay Area,Transportation,108.0,0.3,2020-03-31,Series E,United States,467.0
uShip,Austin,Logistics,65.0,0.37,2020-03-31,Series D,United States,69.0
Siteimprove,Minneapolis,Marketing,40.0,,2020-03-31,Unknown,United States,55.0
AngelList,SF Bay Area,Recruiting,20.0,,2020-03-31,Series B,United States,26.0
Zenoti,Seattle,Fitness,17.0,0.04,2020-03-31,Series C,United States,91.0
DialSource,Sacramento,Marketing,5.0,0.14,2020-03-31,Series B,United States,26.0
Thumbtack,SF Bay Area,Consumer,250.0,0.3,2020-03-30,Series F,United States,423.0
RigUp,Austin,Energy,120.0,0.25,2020-03-30,Series D,United States,423.0
FabHotels,New Delhi,Travel,80.0,0.2,2020-03-30,Series B,India,48.0
Hibob,Tel Aviv,HR,70.0,0.3,2020-03-30,Series A,Israel,45.0
PeerStreet,Los Angeles,Finance,51.0,0.3,2020-03-30,Series C,United States,110.0
Maven,Seattle,Media,31.0,0.09,2020-03-30,Post-IPO,United States,77.0
Catalant,Boston,Other,30.0,,2020-03-30,Series E,United States,110.0
Starship Technologies,Tallinn,Transportation,30.0,,2020-03-30,Series A,Estonia,82.0
Loftsmart,New York City,Real Estate,25.0,0.75,2020-03-30,Series A,United States,18.0
Caliva,SF Bay Area,Retail,20.0,,2020-03-30,Series A,United States,75.0
Iris Nova,New York City,Food,9.0,0.5,2020-03-30,Seed,United States,15.0
Amplero,Seattle,Marketing,17.0,1.0,2020-03-29,Series B,United States,25.0
Polarr,SF Bay Area,Consumer,10.0,,2020-03-29,Series A,United States,13.0
TravelTriangle,Gurugram,Travel,250.0,0.5,2020-03-28,Series D,India,47.0
WeWork,New York City,Real Estate,250.0,,2020-03-28,Series H,United States,2250.0
HOOQ,Singapore,Consumer,250.0,1.0,2020-03-27,Unknown,Singapore,95.0
Everlane,SF Bay Area,Retail,227.0,,2020-03-27,Unknown,United States,18.0
DataRobot,Boston,Data,200.0,,2020-03-27,Series E,United States,430.0
Restaurant365,Los Angeles,Food,175.0,,2020-03-27,Series C,United States,127.0
Blueground,New York City,Real Estate,130.0,0.25,2020-03-27,Series B,United States,77.0
Knotel,New York City,Real Estate,127.0,0.3,2020-03-27,Series C,United States,560.0
Getaround,SF Bay Area,Transportation,100.0,0.25,2020-03-27,Series D,United States,403.0
Zipcar,Boston,Transportation,100.0,0.2,2020-03-27,Acquired,United States,107.0
Mogo,Vancouver,Finance,78.0,0.3,2020-03-27,Post-IPO,Canada,201.0
DISCO,Austin,Legal,75.0,,2020-03-27,Series E,United States,133.0
Raken,San Diego,Construction,60.0,,2020-03-27,Series A,United States,12.0
Bench,Vancouver,Finance,47.0,0.1,2020-03-27,Series B,Canada,49.0
Loft,Sao Paulo,Real Estate,47.0,,2020-03-27,Series C,Brazil,263.0
Oh My Green,SF Bay Area,Food,40.0,,2020-03-27,Seed,United States,20.0
Bevi,Boston,Food,30.0,0.2,2020-03-27,Series C,United States,60.0
Textio,Seattle,Recruiting,30.0,0.2,2020-03-27,Unknown,United States,41.0
Opal,Portland,Marketing,20.0,,2020-03-27,Series B,United States,25.0
ThirdLove,New York City,Retail,10.0,,2020-03-27,Series B,United States,68.0
B8ta,SF Bay Area,Retail,250.0,0.5,2020-03-26,Series C,United States,88.0
Puppet,Portland,Infrastructure,50.0,0.1,2020-03-26,Series F,United States,149.0
Ecobee,Toronto,Energy,47.0,0.1,2020-03-26,Series C,Canada,149.0
Passport,Charlotte,Transportation,44.0,,2020-03-26,Series D,United States,123.0
Peerspace,SF Bay Area,Real Estate,41.0,0.75,2020-03-26,Series B,United States,34.0
GoSpotCheck,Denver,Retail,23.0,0.2,2020-03-26,Series B,United States,47.0
Consider.co,SF Bay Area,Other,13.0,1.0,2020-03-26,Seed,United States,5.0
TripActions,SF Bay Area,Travel,300.0,0.25,2020-03-25,Series D,United States,981.0
Lyric,SF Bay Area,Real Estate,100.0,,2020-03-25,Series B,United States,179.1
WanderJaunt,SF Bay Area,Travel,56.0,0.23,2020-03-25,Series B,United States,26.0
OutboundEngine,Austin,Marketing,52.0,0.28,2020-03-25,Series C,United States,48.0
Wonderschool,SF Bay Area,Education,50.0,0.75,2020-03-25,Series A,United States,24.0
Overtime,New York City,Media,30.0,0.23,2020-03-25,Series B,United States,35.0
Jama,Portland,Product,12.0,0.05,2020-03-25,Unknown,United States,233.0
Element Analytics,SF Bay Area,Data,10.0,,2020-03-25,Series A,United States,22.0
Foodsby,Minneapolis,Food,87.0,0.67,2020-03-24,Series B,United States,20.0
Zeus Living,SF Bay Area,Real Estate,80.0,0.3,2020-03-24,Series B,United States,79.0
TravelBank,SF Bay Area,Travel,20.0,,2020-03-24,Series B,United States,35.0
Convene,New York City,Real Estate,150.0,0.18,2020-03-23,Series D,United States,280.0
Leafly,Seattle,Retail,91.0,0.5,2020-03-23,Acquired,United States,2.0
The Guild,Austin,Travel,38.0,0.22,2020-03-23,Series B,United States,36.0
Drip,Salt Lake City,Marketing,20.0,,2020-03-23,Acquired,United States,0.0
GrayMeta,Los Angeles,Data,20.0,0.4,2020-03-23,Unknown,United States,7.0
Triplebyte,SF Bay Area,Recruiting,15.0,0.17,2020-03-23,Series B,United States,48.0
Ladder Life,SF Bay Area,Finance,13.0,0.25,2020-03-23,Series C,United States,94.0
Peek,Salt Lake City,Travel,45.0,,2020-03-20,Series B,United States,39.0
CTO.ai,Vancouver,Infrastructure,30.0,0.5,2020-03-20,Seed,Canada,7.0
Yonder,Austin,Media,18.0,,2020-03-20,Series A,United States,16.0
Bounce,Bengaluru,Transportation,120.0,,2020-03-19,Series D,India,214.0
Remote Year,Chicago,Travel,50.0,0.5,2020-03-19,Series B,United States,17.0
Lola,Boston,Travel,34.0,,2020-03-19,Series C,United States,81.0
Flytedesk,Boulder,Marketing,4.0,0.2,2020-03-18,Seed,United States,4.0
Inspirato,Denver,Travel,130.0,0.22,2020-03-16,Series C,United States,79.0
Help.com,Austin,Support,16.0,1.0,2020-03-16,Seed,United States,6.0
HopSkipDrive,Los Angeles,Transportation,8.0,0.1,2020-03-13,Unknown,United States,45.0
Panda Squad,SF Bay Area,Consumer,6.0,0.75,2020-03-13,Seed,United States,1.0
Tamara Mellon,Los Angeles,Retail,20.0,0.4,2020-03-12,Series C,United States,90.0
EasyPost,Salt Lake City,Logistics,75.0,,2020-03-11,Series A,United States,12.0
